,Organization Name,latitude,longitude,Organization Name URL,Operating Status,Total Funding Amount Currency (in USD),Estimated Revenue Range
0,Leaf Logistics,40.7214998,-74.0042745,https://www.crunchbase.com/organization/leaf-logistics,Active,58500000,$1M to $10M
1,Shippo,37.7867914,-122.4040495,https://www.crunchbase.com/organization/shippo,Active,154275000,$10M to $50M
2,Nexxiot,47.3861889,8.5172587,https://www.crunchbase.com/organization/nexiot,Active,104885118,Less than $1M
3,Nexxiot,49.9925488,8.4125409,https://www.crunchbase.com/organization/nexiot,Active,104885118,Less than $1M
4,Nexxiot,33.2008489,-96.7123588,https://www.crunchbase.com/organization/nexiot,Active,104885118,Less than $1M
5,Nexxiot,59.3366426,18.046789,https://www.crunchbase.com/organization/nexiot,Active,104885118,Less than $1M
6,Zuum Transportation,33.6776789,-117.8506491,https://www.crunchbase.com/organization/zuum-transportation-inc,Active,38580000,$1M to $10M
7,TakeOff,42.3672494,-71.2431812,https://www.crunchbase.com/organization/takeoff-technologies,Active,146131342,$10M to $50M
8,Transfix,33.9298601,-84.3505078,https://www.crunchbase.com/organization/transfix,Active,128500000,$100M to $500M
9,Transfix,40.7527456,-73.9897297,https://www.crunchbase.com/organization/transfix,Active,128500000,$100M to $500M
10,Nuvocargo,19.4318149,-99.1940586,https://www.crunchbase.com/organization/Nuvocargo,Active,37800000,$1M to $10M
11,Nuvocargo,40.7202344,-73.9986357,https://www.crunchbase.com/organization/Nuvocargo,Active,37800000,$1M to $10M
12,ShipHero,40.587302,-75.6049866,https://www.crunchbase.com/organization/shiphero,Active,50000000,Less than $1M
13,ShipHero,32.8148113,-97.3449833,https://www.crunchbase.com/organization/shiphero,Active,50000000,Less than $1M
14,ShipHero,30.3418492,-81.6360009,https://www.crunchbase.com/organization/shiphero,Active,50000000,Less than $1M
15,ShipHero,36.2538685,-115.1051858,https://www.crunchbase.com/organization/shiphero,Active,50000000,Less than $1M
16,ShipHero,40.7169028,-111.8982196,https://www.crunchbase.com/organization/shiphero,Active,50000000,Less than $1M
17,ShipHero,43.8546714,-79.2609723,https://www.crunchbase.com/organization/shiphero,Active,50000000,Less than $1M
18,Diebold Nixdorf,41.2555135,-81.4823051,https://www.crunchbase.com/organization/diebold-nixdorf,Active,787000000,$1B to $10B
19,Diebold Nixdorf,51.7190886,8.7184817,https://www.crunchbase.com/organization/diebold-nixdorf,Active,787000000,$1B to $10B
20,Diebold Nixdorf,33.8688619,-84.4693563,https://www.crunchbase.com/organization/diebold-nixdorf,Active,787000000,$1B to $10B
21,Diebold Nixdorf,36.753768,3.0587561,https://www.crunchbase.com/organization/diebold-nixdorf,Active,787000000,$1B to $10B
22,Diebold Nixdorf,-33.8340021,151.0871403,https://www.crunchbase.com/organization/diebold-nixdorf,Active,787000000,$1B to $10B
23,Diebold Nixdorf,48.1836837,16.4139026,https://www.crunchbase.com/organization/diebold-nixdorf,Active,787000000,$1B to $10B
24,Diebold Nixdorf,50.8901179,4.2610114,https://www.crunchbase.com/organization/diebold-nixdorf,Active,787000000,$1B to $10B
25,Diebold Nixdorf,50.9339305,3.9620628,https://www.crunchbase.com/organization/diebold-nixdorf,Active,787000000,$1B to $10B
26,Diebold Nixdorf,-23.5258948,-46.6741803,https://www.crunchbase.com/organization/diebold-nixdorf,Active,787000000,$1B to $10B
27,Diebold Nixdorf,42.981289,-81.2421598,https://www.crunchbase.com/organization/diebold-nixdorf,Active,787000000,$1B to $10B
28,Diebold Nixdorf,43.6068788,-79.7330646,https://www.crunchbase.com/organization/diebold-nixdorf,Active,787000000,$1B to $10B
29,Diebold Nixdorf,31.27922,121.44861,https://www.crunchbase.com/organization/diebold-nixdorf,Active,787000000,$1B to $10B
30,Diebold Nixdorf,50.0481733,14.3063513,https://www.crunchbase.com/organization/diebold-nixdorf,Active,787000000,$1B to $10B
31,Diebold Nixdorf,55.6860046,12.3894722,https://www.crunchbase.com/organization/diebold-nixdorf,Active,787000000,$1B to $10B
32,Diebold Nixdorf,60.2219575,24.7581448,https://www.crunchbase.com/organization/diebold-nixdorf,Active,787000000,$1B to $10B
33,Diebold Nixdorf,48.781112,2.2111838,https://www.crunchbase.com/organization/diebold-nixdorf,Active,787000000,$1B to $10B
34,Diebold Nixdorf,52.5327067,13.2684454,https://www.crunchbase.com/organization/diebold-nixdorf,Active,787000000,$1B to $10B
35,Diebold Nixdorf,38.0868635,23.8003029,https://www.crunchbase.com/organization/diebold-nixdorf,Active,787000000,$1B to $10B
36,Diebold Nixdorf,22.3530995,114.1245663,https://www.crunchbase.com/organization/diebold-nixdorf,Active,787000000,$1B to $10B
37,Diebold Nixdorf,47.4164453,19.2418639,https://www.crunchbase.com/organization/diebold-nixdorf,Active,787000000,$1B to $10B
38,Diebold Nixdorf,17.4350222,78.3840396,https://www.crunchbase.com/organization/diebold-nixdorf,Active,787000000,$1B to $10B
39,Diebold Nixdorf,19.1557891,72.8553327,https://www.crunchbase.com/organization/diebold-nixdorf,Active,787000000,$1B to $10B
40,Diebold Nixdorf,-6.2324044,106.8324008,https://www.crunchbase.com/organization/diebold-nixdorf,Active,787000000,$1B to $10B
41,Diebold Nixdorf,53.2906687,-6.4225307,https://www.crunchbase.com/organization/diebold-nixdorf,Active,787000000,$1B to $10B
42,Diebold Nixdorf,45.3549261,9.1515289,https://www.crunchbase.com/organization/diebold-nixdorf,Active,787000000,$1B to $10B
43,Diebold Nixdorf,49.561163,5.9281639,https://www.crunchbase.com/organization/diebold-nixdorf,Active,787000000,$1B to $10B
44,Diebold Nixdorf,3.1751772,101.6603153,https://www.crunchbase.com/organization/diebold-nixdorf,Active,787000000,$1B to $10B
45,Diebold Nixdorf,19.4273871,-99.1652376,https://www.crunchbase.com/organization/diebold-nixdorf,Active,787000000,$1B to $10B
46,Diebold Nixdorf,20.6200893,-100.4135886,https://www.crunchbase.com/organization/diebold-nixdorf,Active,787000000,$1B to $10B
47,Diebold Nixdorf,33.5938091,-7.6319832,https://www.crunchbase.com/organization/diebold-nixdorf,Active,787000000,$1B to $10B
48,Diebold Nixdorf,16.7764685,96.1399159,https://www.crunchbase.com/organization/diebold-nixdorf,Active,787000000,$1B to $10B
49,Diebold Nixdorf,52.0656429,5.0906651,https://www.crunchbase.com/organization/diebold-nixdorf,Active,787000000,$1B to $10B
50,Diebold Nixdorf,59.9151867,10.8015157,https://www.crunchbase.com/organization/diebold-nixdorf,Active,787000000,$1B to $10B
51,Diebold Nixdorf,14.559192,121.0175157,https://www.crunchbase.com/organization/diebold-nixdorf,Active,787000000,$1B to $10B
52,Diebold Nixdorf,50.2369529,19.0038811,https://www.crunchbase.com/organization/diebold-nixdorf,Active,787000000,$1B to $10B
53,Diebold Nixdorf,52.2188385,20.9666223,https://www.crunchbase.com/organization/diebold-nixdorf,Active,787000000,$1B to $10B
54,Diebold Nixdorf,38.7212813,-9.232548,https://www.crunchbase.com/organization/diebold-nixdorf,Active,787000000,$1B to $10B
55,Diebold Nixdorf,44.4336995,26.1274736,https://www.crunchbase.com/organization/diebold-nixdorf,Active,787000000,$1B to $10B
56,Diebold Nixdorf,1.314741,103.865833,https://www.crunchbase.com/organization/diebold-nixdorf,Active,787000000,$1B to $10B
57,Diebold Nixdorf,48.1732291,17.1847344,https://www.crunchbase.com/organization/diebold-nixdorf,Active,787000000,$1B to $10B
58,Diebold Nixdorf,48.7068553,21.2460212,https://www.crunchbase.com/organization/diebold-nixdorf,Active,787000000,$1B to $10B
59,Diebold Nixdorf,-26.0615285,27.9742488,https://www.crunchbase.com/organization/diebold-nixdorf,Active,787000000,$1B to $10B
60,Diebold Nixdorf,40.4875267,-3.6711576,https://www.crunchbase.com/organization/diebold-nixdorf,Active,787000000,$1B to $10B
61,Diebold Nixdorf,59.3542667,17.9754871,https://www.crunchbase.com/organization/diebold-nixdorf,Active,787000000,$1B to $10B
62,Diebold Nixdorf,47.4194216,8.6300286,https://www.crunchbase.com/organization/diebold-nixdorf,Active,787000000,$1B to $10B
63,Diebold Nixdorf,25.0856945,121.5609076,https://www.crunchbase.com/organization/diebold-nixdorf,Active,787000000,$1B to $10B
64,Diebold Nixdorf,13.9104279,100.4986804,https://www.crunchbase.com/organization/diebold-nixdorf,Active,787000000,$1B to $10B
65,Diebold Nixdorf,40.987199,29.0948418,https://www.crunchbase.com/organization/diebold-nixdorf,Active,787000000,$1B to $10B
66,Diebold Nixdorf,50.4501,30.5234,https://www.crunchbase.com/organization/diebold-nixdorf,Active,787000000,$1B to $10B
67,Diebold Nixdorf,25.0976119,55.163109,https://www.crunchbase.com/organization/diebold-nixdorf,Active,787000000,$1B to $10B
68,Diebold Nixdorf,51.4146822,-0.7786542,https://www.crunchbase.com/organization/diebold-nixdorf,Active,787000000,$1B to $10B
69,Diebold Nixdorf,51.4548428,0.2522351,https://www.crunchbase.com/organization/diebold-nixdorf,Active,787000000,$1B to $10B
70,Diebold Nixdorf,51.5170355,-0.179513,https://www.crunchbase.com/organization/diebold-nixdorf,Active,787000000,$1B to $10B
71,Diebold Nixdorf,21.0078287,105.7973336,https://www.crunchbase.com/organization/diebold-nixdorf,Active,787000000,$1B to $10B
72,SmartHop,25.8005921,-80.1974881,https://www.crunchbase.com/organization/smarthop,Active,16620000,Less than $1M
73,Vector,37.7810069,-122.3970747,https://www.crunchbase.com/organization/withvector,Active,10000000,$10M to $50M
74,Airspace,32.8148447,-96.790631,https://www.crunchbase.com/organization/airspace-technologies,Active,66000000,$10M to $50M
75,Airspace,52.2912544,4.7075676,https://www.crunchbase.com/organization/airspace-technologies,Active,66000000,$10M to $50M
76,Airspace,50.0547845,8.5960125,https://www.crunchbase.com/organization/airspace-technologies,Active,66000000,$10M to $50M
77,Airspace,33.1343613,-117.2521307,https://www.crunchbase.com/organization/airspace-technologies,Active,66000000,$10M to $50M
78,Cobli,-23.5573844,-46.6578674,https://www.crunchbase.com/organization/cobli,Active,45000000,$1M to $10M
79,KINEXON,41.8789187,-87.637233,https://www.crunchbase.com/organization/kinexon,Active,17790745,Less than $1M
80,KINEXON,48.1505277,11.5746764,https://www.crunchbase.com/organization/kinexon,Active,17790745,Less than $1M
81,Airhouse,37.7831725,-122.407689,https://www.crunchbase.com/organization/airhouse,Active,5500000,$1M to $10M
82,Slope.io,37.6284406,-77.5447454,https://www.crunchbase.com/organization/slope-io,Active,23030000,$1M to $10M
83,Informed.IQ,37.777436,-122.3958189,https://www.crunchbase.com/organization/informed,Active,20000000,Less than $1M
84,Portal,41.8882322,-87.630592,https://www.crunchbase.com/organization/portal-e313,Active,529621,Less than $1M
85,Envisics,52.0238954,-0.7667967,https://www.crunchbase.com/organization/envisics,Active,50000000,$1M to $10M
86,Envisics,42.6399152,-83.1726881,https://www.crunchbase.com/organization/envisics,Active,50000000,$1M to $10M
87,SimpliRoute,37.3907461,-122.0817109,https://www.crunchbase.com/organization/simpliroute,Active,11225000,$10M to $50M
88,SimpliRoute,19.421939,-99.1595614,https://www.crunchbase.com/organization/simpliroute,Active,11225000,$10M to $50M
89,SimpliRoute,-12.1273816,-77.0121596,https://www.crunchbase.com/organization/simpliroute,Active,11225000,$10M to $50M
90,SimpliRoute,-33.4200596,-70.6035898,https://www.crunchbase.com/organization/simpliroute,Active,11225000,$10M to $50M
91,SimpliRoute,-34.918954,-56.15178,https://www.crunchbase.com/organization/simpliroute,Active,11225000,$10M to $50M
92,Zonar Systems,47.4378249,-122.2481193,https://www.crunchbase.com/organization/zonarsystems,Active,50000000,$50M to $100M
93,Zonar Systems,34.0396845,-84.0311165,https://www.crunchbase.com/organization/zonarsystems,Active,50000000,$50M to $100M
94,Zonar Systems,47.6042042,-122.3345827,https://www.crunchbase.com/organization/zonarsystems,Active,50000000,$50M to $100M
95,MyCarrier,33.6306688,-111.9173163,https://www.crunchbase.com/organization/mycarrier,Active,14300000,$1M to $10M
96,Expedock,37.801753,-122.4014755,https://www.crunchbase.com/organization/expedock,Active,7550000,$1M to $10M
97,3Gtms,41.2719463,-73.1319995,https://www.crunchbase.com/organization/3gtms,Active,20959354,$10M to $50M
98,ARTA,51.50975,-0.1276111,https://www.crunchbase.com/organization/arta-shipping-inc,Active,8500000,$1M to $10M
99,ARTA,40.7274061,-74.00605,https://www.crunchbase.com/organization/arta-shipping-inc,Active,8500000,$1M to $10M
100,Mi Aguila,4.6904549,-74.0241367,https://www.crunchbase.com/organization/mi-Ã¡guila,Active,8950000,$1M to $10M
101,Surve Mobility,52.5091264,13.4228978,https://www.crunchbase.com/organization/chargery,Active,5925750,Less than $1M
102,CarbonChain,51.5394336,-0.1495082,https://www.crunchbase.com/organization/carbonchain-io,Active,125000,Less than $1M
103,Exotrail,48.7224525,2.2722045,https://www.crunchbase.com/organization/exotrail,Active,17362166,Less than $1M
104,Exotrail,43.6002086,1.4556658,https://www.crunchbase.com/organization/exotrail,Active,17362166,Less than $1M
105,Deliveright,35.8007008,-80.2828288,https://www.crunchbase.com/organization/deliveright,Active,6200000,$1M to $10M
106,Deliveright,40.6851354,-74.2012612,https://www.crunchbase.com/organization/deliveright,Active,6200000,$1M to $10M
107,Deliveright,33.7415233,-84.5577615,https://www.crunchbase.com/organization/deliveright,Active,6200000,$1M to $10M
108,Deliveright,35.9361424,-80.0161564,https://www.crunchbase.com/organization/deliveright,Active,6200000,$1M to $10M
109,Deliveright,28.423616,-81.4017708,https://www.crunchbase.com/organization/deliveright,Active,6200000,$1M to $10M
110,Deliveright,43.5731099,-116.1966733,https://www.crunchbase.com/organization/deliveright,Active,6200000,$1M to $10M
111,Deliveright,34.0961116,-117.5450902,https://www.crunchbase.com/organization/deliveright,Active,6200000,$1M to $10M
112,Deliveright,38.2857417,-77.4736132,https://www.crunchbase.com/organization/deliveright,Active,6200000,$1M to $10M
113,Deliveright,42.1340406,-87.9915035,https://www.crunchbase.com/organization/deliveright,Active,6200000,$1M to $10M
114,Deliveright,29.6764508,-95.5620561,https://www.crunchbase.com/organization/deliveright,Active,6200000,$1M to $10M
115,Deliveright,32.8621204,-96.6636346,https://www.crunchbase.com/organization/deliveright,Active,6200000,$1M to $10M
116,Deliveright,42.1710509,-71.352757,https://www.crunchbase.com/organization/deliveright,Active,6200000,$1M to $10M
117,Deliveright,33.5100579,-86.8242234,https://www.crunchbase.com/organization/deliveright,Active,6200000,$1M to $10M
118,Deliveright,47.2516817,-122.4211778,https://www.crunchbase.com/organization/deliveright,Active,6200000,$1M to $10M
119,Deliveright,40.3504676,-111.7734834,https://www.crunchbase.com/organization/deliveright,Active,6200000,$1M to $10M
120,Deliveright,43.4728143,-110.7838139,https://www.crunchbase.com/organization/deliveright,Active,6200000,$1M to $10M
121,Deliveright,37.6523352,-122.1356548,https://www.crunchbase.com/organization/deliveright,Active,6200000,$1M to $10M
122,Deliveright,43.0862952,-76.1017121,https://www.crunchbase.com/organization/deliveright,Active,6200000,$1M to $10M
123,Deliveright,45.5602056,-122.500746,https://www.crunchbase.com/organization/deliveright,Active,6200000,$1M to $10M
124,Deliveright,38.9614403,-94.7207201,https://www.crunchbase.com/organization/deliveright,Active,6200000,$1M to $10M
125,Deliveright,39.8114694,-104.9765902,https://www.crunchbase.com/organization/deliveright,Active,6200000,$1M to $10M
126,Deliveright,33.4462917,-112.1826077,https://www.crunchbase.com/organization/deliveright,Active,6200000,$1M to $10M
127,Deliveright,32.11026,-110.8439763,https://www.crunchbase.com/organization/deliveright,Active,6200000,$1M to $10M
128,Deliveright,42.9908804,-88.24909,https://www.crunchbase.com/organization/deliveright,Active,6200000,$1M to $10M
129,Deliveright,39.909086,-86.2373582,https://www.crunchbase.com/organization/deliveright,Active,6200000,$1M to $10M
130,Deliveright,44.9625891,-93.1814625,https://www.crunchbase.com/organization/deliveright,Active,6200000,$1M to $10M
131,Deliveright,41.2205493,-95.9811284,https://www.crunchbase.com/organization/deliveright,Active,6200000,$1M to $10M
132,Deliveright,35.9989587,-86.6129859,https://www.crunchbase.com/organization/deliveright,Active,6200000,$1M to $10M
133,Deliveright,34.6792531,-92.3133848,https://www.crunchbase.com/organization/deliveright,Active,6200000,$1M to $10M
134,Deliveright,42.8741185,-85.5491297,https://www.crunchbase.com/organization/deliveright,Active,6200000,$1M to $10M
135,Deliveright,39.9796732,-83.0770131,https://www.crunchbase.com/organization/deliveright,Active,6200000,$1M to $10M
136,Deliveright,43.6823756,-79.6826598,https://www.crunchbase.com/organization/deliveright,Active,6200000,$1M to $10M
137,Deliveright,42.7185076,-83.2510348,https://www.crunchbase.com/organization/deliveright,Active,6200000,$1M to $10M
138,Deliveright,40.4916244,-80.3328725,https://www.crunchbase.com/organization/deliveright,Active,6200000,$1M to $10M
139,Deliveright,44.7924864,-68.835991,https://www.crunchbase.com/organization/deliveright,Active,6200000,$1M to $10M
140,Intelage,47.6136707,-122.2013072,https://www.crunchbase.com/organization/intelage,Active,5800000,$1M to $10M
141,Flare,-1.2582583,36.8050906,https://www.crunchbase.com/organization/flare,Active,325000,Less than $1M
142,Transmute,30.2871892,-97.7162757,https://www.crunchbase.com/organization/transmute-industries,Active,3210000,$1M to $10M
143,Foxtrot Systems,-23.5344936,-46.6676672,https://www.crunchbase.com/organization/foxtrot-systems,Active,9138671,$1M to $10M
144,Foxtrot Systems,37.7796974,-122.4017869,https://www.crunchbase.com/organization/foxtrot-systems,Active,9138671,$1M to $10M
145,SYNAOS,48.1514277,11.5751985,https://www.crunchbase.com/organization/synaos,Active,6874498,$1M to $10M
146,SYNAOS,52.3772891,9.7327901,https://www.crunchbase.com/organization/synaos,Active,6874498,$1M to $10M
147,Trax Technologies,34.1447295,-118.3610785,https://www.crunchbase.com/organization/trax-technologies,Active,15000000,$10M to $50M
148,Trax Technologies,33.6224045,-111.9286812,https://www.crunchbase.com/organization/trax-technologies,Active,15000000,$10M to $50M
149,Trax Technologies,32.8690248,-96.9352555,https://www.crunchbase.com/organization/trax-technologies,Active,15000000,$10M to $50M
150,Trax Technologies,35.0622011,-89.8425281,https://www.crunchbase.com/organization/trax-technologies,Active,15000000,$10M to $50M
151,Trax Technologies,9.9799205,-84.1520875,https://www.crunchbase.com/organization/trax-technologies,Active,15000000,$10M to $50M
152,Trax Technologies,52.2918954,4.7096246,https://www.crunchbase.com/organization/trax-technologies,Active,15000000,$10M to $50M
153,Trax Technologies,22.538198,114.038308,https://www.crunchbase.com/organization/trax-technologies,Active,15000000,$10M to $50M
154,Trax Technologies,14.5408671,121.0503183,https://www.crunchbase.com/organization/trax-technologies,Active,15000000,$10M to $50M
155,Trax Technologies,10.3338299,123.8941434,https://www.crunchbase.com/organization/trax-technologies,Active,15000000,$10M to $50M
156,FreightVerify,42.2809486,-83.7463684,https://www.crunchbase.com/organization/freightverify,Active,10299881,$10M to $50M
157,MARS Auto,37.566535,126.9779692,https://www.crunchbase.com/organization/mars-auto,Active,519242,Less than $1M
158,MARS Auto,39.2000415,-75.5555708,https://www.crunchbase.com/organization/mars-auto,Active,519242,Less than $1M
159,Banyan Technology,41.4729745,-81.9636243,https://www.crunchbase.com/organization/banyan-technology,Active,9950000,$1M to $10M
160,FleetPanda,37.5366033,-122.3269607,https://www.crunchbase.com/organization/fuelpanda,Active,6834348,$1M to $10M
161,Tracks,52.45314,13.38517,https://www.crunchbase.com/organization/tracks-fa20,Active,2250651,$1M to $10M
162,Cohealo,42.3587826,-71.0596246,https://www.crunchbase.com/organization/cohealo,Active,12550000,$1M to $10M
163,Advanced Call Center Technologies,40.0618782,-75.4685761,https://www.crunchbase.com/organization/advanced-call-center-technologies,Active,8000000,$100M to $500M
164,Wyndy,33.5119225,-86.812541,https://www.crunchbase.com/organization/wyndy,Active,5817500,Less than $1M
165,Qucit,44.8061184,-0.5599449,https://www.crunchbase.com/organization/qucit,Active,1983180,$1M to $10M
166,Autobon AI,42.1009154,-88.025672,https://www.crunchbase.com/organization/autobon,Active,1295000,$1M to $10M
167,CARGGO,41.7298399,-88.2073882,https://www.crunchbase.com/organization/carggo,Active,15572000,Less than $1M
168,CARGGO,40.7551279,-73.9861749,https://www.crunchbase.com/organization/carggo,Active,15572000,Less than $1M
169,CARGGO,54.69574,25.2754979,https://www.crunchbase.com/organization/carggo,Active,15572000,Less than $1M
170,InMotion Global - AscendTMS,32.9812114,-97.0151526,https://www.crunchbase.com/organization/inmotion-global,Active,7500000,$1M to $10M
171,InMotion Global - AscendTMS,27.932464,-82.3048688,https://www.crunchbase.com/organization/inmotion-global,Active,7500000,$1M to $10M
172,ProperGate,52.252077,21.038517,https://www.crunchbase.com/organization/propergate,Active,1307794,Less than $1M
173,Lanetix,52.0880911,4.3201461,https://www.crunchbase.com/organization/lanetix,Active,9217712,$1M to $10M
174,Lanetix,37.7929158,-122.4046905,https://www.crunchbase.com/organization/lanetix,Active,9217712,$1M to $10M
175,KoiReader Technologies,12.97194,77.59369,https://www.crunchbase.com/organization/koireader-technologies-inc,Active,642000,Less than $1M
176,KoiReader Technologies,1.332978,103.894846,https://www.crunchbase.com/organization/koireader-technologies-inc,Active,642000,Less than $1M
177,KoiReader Technologies,32.773314,-96.8334793,https://www.crunchbase.com/organization/koireader-technologies-inc,Active,642000,Less than $1M
178,Evertracker,53.6009914,11.4181828,https://www.crunchbase.com/organization/evertracker,Active,2681686,$1M to $10M
179,Eurosender,49.6039645,6.1366934,https://www.crunchbase.com/organization/eurosender,Active,746280,$1M to $10M
180,Eurosender,46.0307254,14.4639834,https://www.crunchbase.com/organization/eurosender,Active,746280,$1M to $10M
181,Eurosender,50.4641085,30.4792904,https://www.crunchbase.com/organization/eurosender,Active,746280,$1M to $10M
182,Swarm Engineering,33.6587971,-117.8035663,https://www.crunchbase.com/organization/swarm-engineering,Active,2740279,Less than $1M
183,Omnichain,33.923387,-118.4045808,https://www.crunchbase.com/organization/omnichain,Active,1500000,$1M to $10M
184,BitLog,59.4034003,17.9463656,https://www.crunchbase.com/organization/bitlog-4da7,Active,1185494,$1M to $10M
185,FarmTrace,51.642888,5.9287524,https://www.crunchbase.com/organization/farmtrace,Active,1000000,$1M to $10M
186,FarmTrace,33.6860546,-117.8473524,https://www.crunchbase.com/organization/farmtrace,Active,1000000,$1M to $10M
187,Coconut Silo,37.502503,127.0356746,https://www.crunchbase.com/organization/coconut-silo,Active,470000,Less than $1M
188,Coconut Silo,10.7823432,106.6985216,https://www.crunchbase.com/organization/coconut-silo,Active,470000,Less than $1M
189,Coconut Silo,37.392429,-121.933612,https://www.crunchbase.com/organization/coconut-silo,Active,470000,Less than $1M
190,Coconut Silo,36.9861099,120.63195,https://www.crunchbase.com/organization/coconut-silo,Active,470000,Less than $1M
191,Coconut Silo,28.4942883,77.0889127,https://www.crunchbase.com/organization/coconut-silo,Active,470000,Less than $1M
192,Spotter,40.7567576,-73.9760823,https://www.crunchbase.com/organization/spotter-0343,Active,100000,$1M to $10M
193,Longbow Advantage,45.5031824,-73.5698065,https://www.crunchbase.com/organization/longbow-advantage,Active,788545,$1M to $10M
194,Longbow Advantage,42.2416784,-83.7410858,https://www.crunchbase.com/organization/longbow-advantage,Active,788545,$1M to $10M
195,Longbow Advantage,43.5989363,-79.7407111,https://www.crunchbase.com/organization/longbow-advantage,Active,788545,$1M to $10M
196,Cultivera,47.6099081,-122.3399526,https://www.crunchbase.com/organization/s2solutions,Active,1000000,$1M to $10M
197,StrongLoop,37.5669986,-122.3237495,https://www.crunchbase.com/organization/strongloop,Active,9000000,$1M to $10M
198,Efreightsolutions Holdings,34.0510747,-118.1620214,https://www.crunchbase.com/organization/efreightsolutions-holdings,Active,20000000,$10M to $50M
199,Efreightsolutions Holdings,36.0984849,-80.2462436,https://www.crunchbase.com/organization/efreightsolutions-holdings,Active,20000000,$10M to $50M
200,Efreightsolutions Holdings,43.3779582,-80.7097035,https://www.crunchbase.com/organization/efreightsolutions-holdings,Active,20000000,$10M to $50M
201,Efreightsolutions Holdings,10.3290473,123.9068258,https://www.crunchbase.com/organization/efreightsolutions-holdings,Active,20000000,$10M to $50M
202,Qv21 Technologies,30.295116,-97.829614,https://www.crunchbase.com/organization/qv21-technologies,Active,6194900,$1M to $10M
203,Livegistics,42.3643751,-83.0718773,https://www.crunchbase.com/organization/livegistics,Active,1000000,$1M to $10M
204,Amous,41.8955144,-87.6850904,https://www.crunchbase.com/organization/amous-international-inc,Active,1200000,$1M to $10M
205,Propel,40.4890137,-79.9720183,https://www.crunchbase.com/organization/propel-it,Active,4650000,Less than $1M
206,FSI,36.0227724,-86.6037592,https://www.crunchbase.com/organization/fsi,Active,517000,$10M to $50M
207,BOXARR,51.4486901,-2.5871475,https://www.crunchbase.com/organization/boxarr,Active,3085686,$1M to $10M
208,BOXARR,51.5123893,-0.0902511,https://www.crunchbase.com/organization/boxarr,Active,3085686,$1M to $10M
209,GRIDSMART Technologies,35.9527644,-84.1514385,https://www.crunchbase.com/organization/aldis,Active,11043722,$1M to $10M
210,enVista,39.9542919,-86.1566893,https://www.crunchbase.com/organization/envista,Active,16100000,$100M to $500M
211,"Avion Solutions, Inc.",38.6645792,-90.6375296,https://www.crunchbase.com/organization/avion-solutions-inc,Active,15000,$10M to $50M
212,"Avion Solutions, Inc.",34.7298682,-86.6578813,https://www.crunchbase.com/organization/avion-solutions-inc,Active,15000,$10M to $50M
213,"Avion Solutions, Inc.",36.5510381,-87.3955409,https://www.crunchbase.com/organization/avion-solutions-inc,Active,15000,$10M to $50M
214,Synple,51.5941553,4.824253,https://www.crunchbase.com/organization/synple,Active,1388113,Less than $1M
215,Voltia,48.1893496,16.4047482,https://www.crunchbase.com/organization/greenway-operator,Active,9573002,$1M to $10M
216,Voltia,48.1653384,17.1373964,https://www.crunchbase.com/organization/greenway-operator,Active,9573002,$1M to $10M
217,In Forma Software,-8.0617652,-34.8717011,https://www.crunchbase.com/organization/in-forma-software,Active,1827010,$1M to $10M
218,Aerotronic,45.8027688,-108.5289366,https://www.crunchbase.com/organization/aerotronic,Active,170000,$1M to $10M
219,Supply Vision,33.6743032,-111.9804746,https://www.crunchbase.com/organization/supply-vision,Active,2125000,$1M to $10M
220,LM2S,48.9542528,2.4560492,https://www.crunchbase.com/organization/lm2s,Active,4242658,$1M to $10M
221,ForkNAV,58.3547293,26.6825114,https://www.crunchbase.com/organization/forknav,Active,113735,Less than $1M
222,ForkNAV,56.9810344,24.1851329,https://www.crunchbase.com/organization/forknav,Active,113735,Less than $1M
223,VeeRoute,60.1497845,29.6450907,https://www.crunchbase.com/organization/veeroute,Active,150000,$1M to $10M
224,EEE Innovations,60.2242144,24.7546314,https://www.crunchbase.com/organization/eee-innovations,Active,529380,Less than $1M
225,LogisticxPro,37.3541079,-121.9552356,https://www.crunchbase.com/organization/logisticxpro,Active,250000,$10M to $50M
226,LogisticxPro,1.3005022,103.8522215,https://www.crunchbase.com/organization/logisticxpro,Active,250000,$10M to $50M
227,LogisticxPro,3.1142958,101.5744791,https://www.crunchbase.com/organization/logisticxpro,Active,250000,$10M to $50M
228,ChainGO Tech,39.4715409,-0.3342213,https://www.crunchbase.com/organization/chaingo-tech,Active,1165873,$1M to $10M
229,ChainGO Tech,40.4204381,-3.7017506,https://www.crunchbase.com/organization/chaingo-tech,Active,1165873,$1M to $10M
230,Box2Box,43.7338994,-79.8314251,https://www.crunchbase.com/organization/box2box,Active,500000,$1M to $10M
231,Cloud Logistics,33.8890148,-84.4661994,https://www.crunchbase.com/organization/cloud-logistics,Active,10000,$1M to $10M
232,goCharge,40.7536526,-73.9860102,https://www.crunchbase.com/organization/gocharge,Active,1101523,$1M to $10M
233,Shipwise,52.505234,13.3931736,https://www.crunchbase.com/organization/shipwise,Active,16736,Less than $1M
234,Sovtes,50.4688257,30.4621588,https://www.crunchbase.com/organization/sovtes,Active,20000,$1M to $10M
235,Bucky Box,-41.2931163,174.7821707,https://www.crunchbase.com/organization/bucky-box,Active,276683,$1M to $10M
236,Agistix,37.7947881,-122.3984101,https://www.crunchbase.com/organization/agistix,Active,2000000,$1M to $10M
237,ApeSoft,39.0085383,-77.5034453,https://www.crunchbase.com/organization/ape-software,Active,3800000,$10M to $50M
238,ApeSoft,41.4847715,2.1270519,https://www.crunchbase.com/organization/ape-software,Active,3800000,$10M to $50M
239,Dayton T. Brown,37.6843628,-97.332753,https://www.crunchbase.com/organization/dayton-t-brown-inc,Active,92935,$50M to $100M
240,Dayton T. Brown,38.3583554,-76.5719414,https://www.crunchbase.com/organization/dayton-t-brown-inc,Active,92935,$50M to $100M
241,Dayton T. Brown,40.7719271,-73.0971552,https://www.crunchbase.com/organization/dayton-t-brown-inc,Active,92935,$50M to $100M
242,Dayton T. Brown,41.3164856,-73.0931641,https://www.crunchbase.com/organization/dayton-t-brown-inc,Active,92935,$50M to $100M
243,Idle Free Systems,43.060161,-89.5149224,https://www.crunchbase.com/organization/idle-free-systems,Active,1895000,$1M to $10M
244,Hi-G-Tek,39.1092145,-77.1541785,https://www.crunchbase.com/organization/hi-g-tek,Active,22260000,$10M to $50M
245,Hi-G-Tek,32.0211339,34.8626674,https://www.crunchbase.com/organization/hi-g-tek,Active,22260000,$10M to $50M
246,CellWand Communications,43.6479916,-79.377735,https://www.crunchbase.com/organization/cellwand-communications,Active,40000,Less than $1M
