rating,Late reviews,Sentiment score
5,item arrived damage high school delivery long date date okay,Negative
5,nobodys siii nobody broken long delivery delivery,Negative
5,long shipping items according expectations functioning broken,Negative
4,sorry photo video packaging box remote courier know contents almost contents come dents cardboard cardboard delivery little long come seller bigger,Negative
5,product good price cheapbut unfortunately delivery rather long maybe yesterday bought event seller also bothered buybut product good tried redmi cellphoneits shame theres bubble wrap gpp,Negative
5,socks products according picture delivery long pair broken shoes dent ordered sent item regretfully used promo message new baby fit disappointed shoe pictureshark pink broken,Negative
5,packaging long time might fitting weekend fast delivery funny models defects according expectations guaranteed regret buying,Negative
5,item arrived delivery quite long maybe overload everything complete like,Negative
5,packaging delivery long ago waiting days laamaaaa finally arrived package panicking come cant turn turns battery revoked,Negative
4,really limited stock delivery also said quite long enough taded gpp important thing okay didalem cardboard turns camera letter button protector disappointment colorful convex glass including kedalem cardboard,Negative
5,price standard according picture unfortunately shipping long time,Negative
5,already shopping subscription heresatisfied service good itemsonly made disappointed courierlong expeditionnext time message,Negative
5,long packaging may due emergency ppkm fast delivery day tothank seller,Negative
5,item good according price unfortunately product little longer courier error shop sellers response fast,Negative
2,price quality less sharpness less package already bad torn long shipping tajem peeler fruit skali,Negative
5,item arrived according picture turns item small shipping bit long item shortage anything,Negative
5,unfortunately shipping long time,Negative
5,dont know havent tried already trying weather still cloudy blom changes photocromik maybe later hot tricks delivery bit long still,Negative
5,chocolate message comes gray color error please check shipping,Negative
4,cheap price quality yet akhiiiirrnyaaaa awaited dtg toowait old daysmaybe krn ppkm shipping little choked upbut shop items mgg olshops effectyaach already long time,Negative
3,item appropriate unfortunately delivery quite long,Negative
5,according order disappointed shipment long time ok,Negative
4,material standard rather rough material still quality according price affordable prices dont like packaging neat right comes cardboard mleyot mleyot keeps village long whole still,Negative
5,material bad quality mid range cheap price delivery speed little longer okay item price thats quite cheap enough,Negative
4,material material dont know yet design simple usability blankets long time arrived item original still disappointed old deliverydont get disappointed itembtw thank,Negative
1,material material thin usability use disappointed shopour blue message comes whiteshipping slow,Negative
5,packaging shipping hr jktsafe packing thick bubbleewrapexp jg still long time june want try first childhopefully suitable child rainynot bad practical doesnt need make lg broththx seller,Negative
5,price bad composition chicken broth texture powder yet tried delivery quite long neat packing,Negative
5,good items quality according price shipping rather slow yaudah deh gpp models clothes wrong whats message come come,Negative
2,price standard rather disappointed item came cardboard state torn edge many scratched peeled white color pity rules given bubblewrap wrapped outside safer delivery long hands courier,Negative
5,price bad quality decent form decent thank order arrived long time,Negative
5,price bad according items obtained quality good banrang kokohhhhjjj form ba item good sturdy sesuai price unfortunately shipping long sampe times failed send,Negative
1,either courier buyer ngaco problem late broken cardboard regretted iron less,Negative
3,broken long delivery canceled order org also aq,Negative
4,fast packaging complete product really short looks bad also dirty robe floor delivery long enough,Negative
3,packaging shipping rather longthe numbers tangible according orderedquality according pricethe sandals soft stiff hard hard road box severely destroyed okay according price thank,Negative
5,likeaaaaa flops lightweight extttttttttttttt long shipping may overloaded yeah dont know likaa karan discount heheheh,Negative
4,bad price product comes order maybe delivery long time ago,Negative
5,realpict severe shipping long maybe shopee probleme,Negative
4,gemoyyyy woyyyyy sukakk bet aseliiii unfortunately delivery slow beudded tpiii feel feeling wkwk wkwk wkwk,Negative
4,quality hasnt tried taste blm try price really cheap price really nurah buy flash sale packaging delivery long huhu problem flash sale maybe buy,Negative
5,complete items long delivery packing use plastic items want macaroni packaging box even pouch disappointment yaudahhhhhhhhhhhhhhhhhhhhhhhhhhhhhhhhhhhhhhhhhhhhhhh,Negative
5,bad quality according price cheap price shipping bit slow ok,Negative
5,sorry photos videos sweetenersthe item receive wellbut unfortunately long shippingfellow surabaya days arrived,Negative
5,havent tried pretty long delivery trying scrub matches order,Negative
4,competitive price material bad quality decent bad initially little worried seller follows flash sale slow shipping,Negative
5,price standard material bad quality decent standard packing shipping long ingredients quite thick thank seller,Negative
5,mantapppp bgttttt order championaaaaaaaaaaaaaaaaaaaaaaaaaaa anabul suitable bgt seller delivery quickly wrap doesnt use long time package doesnt less definite subscription thnks u seller,Negative
5,safe packaging fast delivery damage defects orderexpired still longi often shipped never disappoint price also cheaper stores even cheaper petshop,Negative
4,clothes ingredients teball unfortunately shipping slow,Negative
4,comfort try effectiveness shipping bit long absorption mask sent according orderold courier also made irritated,Negative
4,mask okayjust sorry shipment bit slow,Negative
3,material thin quality decent affordable prices items according full order lack delivery packaging really slow chatt lom sent x,Negative
5,material thin quality according price price cheap beud already come delivery old agathin material really layers masknot bad using around house near house long distance meet many people want use,Negative
2,packaging long days possible asked jwb patiently kaka udh courier status packaged packed sent send told patient already patient gasabar might cancel,Negative
3,material bad thin thick quality still okay price still accordingly bit long shipping expedition,Negative
5,safe packingan sihhh rest also okee bangettits shame longer still packed,Negative
2,expensive price material ugly quality thin packaging delivery long,Negative
1,material thin quality ugly expensive price get easily shopping hereanother asked another sentand old deliveryat chat slow responselast shopping ya pok,Negative
5,material good quality mantap cheap price ive sending little longer ive lost stiring get upset,Negative
1,material thin quality ugly expensive price get easily shopping hereanother asked another sentand old deliveryat chat slow responselast shopping bg,Negative
1,material thin quality ugly expensive price get easily shopping hereanother asked another sentand old deliveryat chat slow responselast shopping,Negative
4,material bad quality decent affordable prices bad adding stock replace count wasteful use mask delivery long enough repair shipment tq,Negative
5,material little thin good quality cheap price packaging delivery old expedition send always long time fail continue huhu pesen long time arrived material bit thin,Negative
3,material bad quality standard cheap price bad price delivery long asked new expedition dateng,Negative
5,item wrong lacking delivery quite long,Negative
4,product good want review expeditiondear jnt since cp sold partners performance jnt delivery decreasing case keeper warehouse courier part time hadeeeh resentful expedition long problem first,Negative
4,bad cheap price long time ago even though bought,Negative
4,order suitable shipment store long h many hours auto cancel shopeenya long send,Negative
4,according order disappointed shipping long time days packagingso weektrims,Negative
5,price okay goods shipping safely feared fear broken long turn alhamdulillah alhamdulillah,Negative
5,material bad quality decent price bad matap prefers color quality aj kyak mask biased good shipping little long,Negative
5,price bad material unopened good quality alhamdulillah arrived long time ago,Negative
3,bigss connection leave betdelivery late one day estimated date comes,Negative
5,mantabtest unfortunately delivery little longer,Negative
5,steady unfortunately delivery rather slow,Negative
3,absorption try effectiveness try comfort try disadvantages packaging turned small fast delivery quality still trial stage matches message later,Negative
4,effectiveness rich face mask general absorption bad comfort enk shipping bit long po said buying face mask got frabies bought facial masks got frabies,Negative
5,absorption dont know comfort good effectiveness know long delivery affordable,Negative
4,package arrived given gift spoon mask also wkwkjust picture mianhe aga disappointed delivery slowif accelerated,Negative
3,quality decent form broken thing cheap price color good part broken delivery long,Negative
5,price bad quality thick form unique packaging quite long time delivery fast,Negative
5,cheap price alhamdulillah waiting long time agobut complete item wrong,Negative
3,hard enter hard yaampunnshopee packaging long newfortunately shipping using j fast cmn day,Negative
4,sorry sis evaluation problem getting delivery getting longerthe message new date sent know writing po daysbut description days rightin meantime h,Negative
5,subscription pesen monday tuesday sentlong time messy courier,Negative
5,good according expectations next larger orderonly shipping long plus po process,Negative
5,yh lumyan bro bro photo landscape mademust cut jdiin portrait gttp gpp baek give stars even though delivery isnt long agooverall bags,Negative
4,packaging long week delivery soon long already lot photos failed send right less huuu,Negative
3,helmet goodbut disappointed shop delivery sent long time sent doesnt matter anymoreif one wrote wrong color doesnt dad plottedthis two two two colors,Negative
1,dus termos ccd items thin foam lbh delivery long estimated time dangerous helmet fast disappointing dont know ashamed sell goods endanger buyer,Negative
5,long shipping helmet symmetrical aka dent mleyot whether delirious shop bad price,Negative
5,okay know wkwkbtw ya cheap helmet bgtbut rather disappointed long time legara continued shipping,Negative
5,product according description long shipping reasonable outside city keeps flash sale jgcuma slang torn,Negative
1,disappointing slow delivery destroyed packing broken messbut natural cheap prices toothanks,Negative
5,package cheap realpict delivery fast little confused tutor youtube size opened rubber bolt gpp later tired,Negative
5,fairly long delivery doesnt matter product good order,Negative
5,basically steady items accordingly disappointed long time courier,Negative
4,color cinamon suitablewhether wrong send like rada pink doesnt like itothers okay item hasnt arrived yet later arrive im value delivery fast,Negative
5,alhamdulillah also long wait obstacle delivery,Negative
4,absorption ok thickness medium tenderness soft cheap prices fast packaging unfortunate shipping long using standard expedition another expeditionwhere plastic torn wipe broken,Negative
5,thickness tips tenderness rugged absorption bad tissue arrived cheap price gaa delivery long,Negative
5,effectiveness bad absorption yet tried comfort yet tried quite long time even though used fast courier also long week arrived home even though usually three days home tetep debes served many people,Negative
5,absorption try convenience yet tried effectiveness yet tried alhamdulillah package delivery quite long doesnt come completely safely,Negative
5,effectiveness ordinary absorption doesnt absorb comfort mayan dry long time minutes really able peel sticky good fragrance difficult effectbtw long delivery almost week,Negative
1,period bought serum shop using shopee account one one sent leaked didnt contents chat happy responsible someone longer delivery responsibility,Negative
5,used use swimming safe standard delivery speed dn long time use days new battery killed couldnt able get days want use still got days week charge also lmyn laa,Negative
5,finally arrived long shipping tragedy trimz brother always successful first arrived lilac strap,Negative
5,disappointed read notes delivery delay ppkm fact quickly arrived disappointed ga wait long time packing bad sealed bubble wrap make item satisfying results accurate results heart rate different point isokay,Negative
5,worried delivery stuck huhu thank god turned cmn stuck serversuper fast packaging check hours later packed dipick upthe bubblewrap severe items also goodhopefully according expectation use hehe thanks sis,Negative
5,although delivery late error system shipping sellers response steady makasi min fast response ajib product,Negative
5,flavor yet tried cheap price quality decent package delivery quite long bro obstacles send,Negative
5,flavor woenakkk poll cheap price good quality sakah sakank bet fortunately buy rather disappointed delivery long still due yesterdays,Negative
4,price bad quality okeeeee bangettttt little longer delivery really recommended store flavor mantullllll,Negative
5,affordable prices quality bad flavor bad delivery bit long comes item rather broken good go,Negative
5,low price short packagingbut delivery long problem expedition shophis shop goodluka thanks cheap meriah,Negative
4,sorry doesnt connect picture far shipping still long time ago maybe booms expedition,Negative
5,items according orderinshaallah repeat orders storehopefully always mandatebut delivery long jnt mistake sent je jambi,Negative
5,disappointed contents less delivery long like calculated number less,Negative
5,packaging long obstacles shipping,Negative
5,already many times shopping store service far okay especially admin complain morning item days hasnt sent eh afternoon package departs shipping store long time ago maybe order thousands realpict,Negative
4,really long long mattress get holster tender jos unfortunately shipment long time ago,Negative
3,delivery bit long item also turned less smooth little reject ingredients tasty tender soft,Negative
5,bangett original cumn delivery quite long sorry dont use original photo,Negative
4,items mayan small bolongs bbrp flat point dent doesnt use usual plastic shipping bit long overload brdscran admin info making promo want buy ehhehehe,Negative
5,long time packedbut fast delivery tender body sick works ingredients also smooth thickprice standard,Negative
3,sorry say quality product accordance price folds almost want tear stain pointsdelivery carried store espedisi slowplease enhance lg quality products shipping,Negative
5,ingredients tebel packaging fast delivery little long doesnt really like thank sis,Negative
5,price bad quality good comfort okay shipped days packagingincluding fast cs really patient courier worry process rain delivery fear mattress weteven though double plastic turned torn rained heavily seemed slow bed thanks seller,Negative
3,goods receivedpretty long shippingand disappointed memo shopee scheduling delivery delivered courierwhose one wrongbut items,Negative
5,mattress comfortable used obstacles shipping long timeeven though arrived destination city week hasnt sent toothe expedition wa used accompanied fear mattress develop time opened alhamdulillah safethx,Negative
4,delivery long time cmn overalls complaintsgood items affordable packaging also safe point disappointing,Negative
5,cheap price unfortunately delivery slow almost week sent,Negative
4,fast delivery later looks like someone broken also want break,Negative
4,alhamdulillah new package item according picture delivery long yeah know length delivery ppkm long gapapalah anyway mah according picture disappointed shipping,Negative
5,complete item lacks delivery long time ago,Negative
5,finally long time waiting order minute arrive even though time chat chat overloaded packed long time delivery day wanted order problem lacking long time,Negative
5,thankyou sis item suitable safe shame courier long time,Negative
5,price price accordingly quality okay fast delivery initially deceited long scared itemit turned days delivery situbondo east javathe mattress still hasnt opened wants taken new house,Negative
4,quality ordinary comfort hmm ordinary expensive price cardboard wrap damaged damaged item still hell want buy chewing mat make sure need hurry mattress doesnt use expedition services interrupted inthebox courier long come,Negative
5,item arrived yesterdaythanks sorry brush teeth directly pakr jdi video firstuse wrong sorting eventso delivery time already long enough add bangetttthe rest okaythanks friendly courier,Negative
5,items according picture packing safe unfortunately messy courier slow nonresponse,Negative
2,disappointed packing bad rich unloaded delivery long,Negative
1,size ordered basic small comes small packaging musty dus mess seller intention selling times already wrong packaging mess deliveryy long,Negative
4,already buying umpteent time shop quality never disappointed cman purchase rather disappointed little shipment rather slow,Negative
4,complete items okay quality low prices long delivery,Negative
5,really good wrong incisor cardboard bullet paper tangled okey sii gapapa shipping problem sii well wait long time whats estimates wait days,Negative
5,new pertima times order dsiniyes standard delivery isnt long holiday,Negative
5,first time package came mlm mlm rainy week well courier brother didnt think turned long package,Negative
1,rope long doesnt match drawing sellers response sellers response also less disappointed want buy dont buy also good value good value response also worse,Negative
5,bagusssssssorders dont know howeverjust buy herepushsss really ingredients bag especially pricecustomers also likerepeat order later sellerdelicious shopping hererarely wrong shipmenttq seller,Negative
5,anyway dont need items okay mantaaapppppppppppppppppp ga nyesell deh prices also cheap sold gaes delivery also okee slow steady steady basics tengkuuu sellerrrrrrrrrrrrrrrrrrrrrrrrrrrr,Negative
5,quality product okay cmn shipping rather long maybe overload,Negative
5,fragrant good resilience bad packaging bags everything comes usualcomplete safebut shipping rather slow,Negative
5,fragrant need doubt resilience mantaap packaging good broken bottle okay itemskurir friendly delivery rather slow broke one,Negative
5,wangi baccarat resilience bad packaging steady cheap siii nampol wanginya deliciousbut fairly long delivery,Negative
5,color chocolate according picture absorption bad absorbing material material smooth photo videoin problem directly given towel person ingredient really good price thick shipment also fast next ordered,Negative
5,funny socksi arrived long time right thing sent courier wrong antherin fact home someone else time stray toowhere look courier number hurts lot couriers asking package come doesnt get,Negative
3,bad small items dont fit feet even though legs small size old shipping process long,Negative
4,quality according price fast delivery standard packing hopefully use damaged later,Negative
4,bad packing cardboard period sides hubborn continues wrapped bubble finally dilates dents item appropriate quality decent approximately months ago broken tried first without water engine time packaging fast fast day courierthx,Negative
1,males courier ny gkmw rises according address continue dusk dus torn seal shipments also long minus bgt shope expres expedition seller also old chat,Negative
5,function well cheap steadythe drawback delivery long timebut thing store fault delivery side,Negative
4,item received well packaging shipping bit long cardboard packing doesnt bubbleewrap safe tool servesthanks,Negative
4,alhamdulillah even though delivery bit long biase days sby arrivedgoods function goodhopefully last sorry reduced star functionwhen gallon water runs n tools aq cas trs installed already g functionjust turn lights turn,Negative
3,packaging little longer dont know delivery also old color isnt order confirmation playing send ajah kapokmu kpn fortunately expedition lightning,Negative
2,price cheap quality bagus packaging old bgttt gue gue original see long time old packaging dent disappointed,Negative
5,price ok quality ok packaging delivery jabodetabek area included long advice request tell paper tp tp use disolated paper cuts damage paper,Negative
4,price proficient murcee electric power watts quality ingredients easy break crazy building cable ingredients lamp ball arent quite size lamp clamp tilted bru closed hard explain cant bright used taon long time delivery packed,Negative
4,damaged packaging may long cheap shipping items durable,Negative
1,quality rijekkalo ga rijek mh gabklan gabklan easy close bolhamits hard closed price patcharab electricity peot bastard tai dont need sell itwant sell trustworthy timesthe time rijeks item sent bubhal using bubble wrap possible broken shipping expeditionthe problem open removed closed bulhamwant enter video cant beill send video later chat,Negative
2,price accordingly quality good product broken bottom size decent disappointed item broken delivery long,Negative
3,price standard size capacity bad quality standard message delivery instant said process day later sent day sent item afternoon get home,Negative
2,small size quality malehoi pole price rather expensive ask blue color black info color ask send long disappointed kapok,Negative
5,nice items bad pricejust delivery store bit long overload easy installation,Negative
3,buy item forced lack goods must tone orderso long buy murmer item delivery stainlist dent dent,Negative
3,long time week problem also courier arrived around check items,Negative
5,color texture liquid resilience long lapting try another color color darkness lips brown skin rather blackish lips doesnt like darkness good good color nude nude shipping kilaaaattt new kmrnjm mesen today afternoon arrived jugak makasiiihh seller,Negative
5,resilience hours texture soft color nud fast delivery shipping service severe order must take office queue long average taking shopees order,Negative
5,mantapppp bgttttt order championaaaaaaaaaaaaaaaaaaaaaaaaaaa anabul suitable bgt seller delivery quickly wrap doesnt use long time package doesnt less definite subscription thnks u seller,Negative
5,ori product unfortunately cans dentbtw still longmakasi seller shopee pack courier,Negative
5,want make stock wet food eh anabul turned bored chicken salmon finally really made stock later deh fortunately exp packing coated cardboard box dent contents standard shipping,Negative
5,mantapppp bgttttt order championaaaaaaaaaaaaaaaaaaaaaaaaaaa anabul suitable bgt seller delivery quickly wrap doesnt use long time package doesnt less definite subscription thnks u seller,Negative
5,already subscribed item damaged shipping location long location morning late afternoon,Negative
5,already subscribed item damaged shipping location long location morning late afternoon,Negative
5,finally arrived also awaited life cat pouch haduuh time delivery used long time next dont like,Negative
2,price standard quality standard comfort standard roll sturdy turns still easy bend speed sellers response bad shipping long plus expedition first comes sheets pillowcases pillowsseller online doesnt reply chat ask cancellation rejected length delivery,Negative
5,delivery little longer unfortunately bought doesnt read description hour stone doesnt work good stuff,Negative
4,good bangeeeettttty sorry photo sm video originalbut rada disappointed deliverymaybe size item also small doesnt want wkwkwk overall items good pokonyathe pictnot disappointed itembut emg long time hihi,Negative
3,somewhat disappointed delivery delivery old please let seller later speed againthe watch okeee make change jammani,Negative
4,delivery dead watch also little long,Negative
5,taste fried price bad good quality item appropriate delivery bit long gapapa,Negative
5,really dont expect bgtsiii booking next day lgsg packing delivery dong malem also extraordinary symptiiiii ptwings neat packing leaked samsek little wet checked item leaked exp msh long timethank wingsssss,Negative
5,shipping speed good long time failed shipping product according order,Negative
1,broken noodles cpt delivery shop long time courier fast store response,Negative
5,packaging ok color conformity accordingly design accordingly time packaging fast delivery product accordinglyquality material according pricethe glue really stuck works rather difficult okthanks seller later want order shortcomings,Negative
5,quality comparable price form good price bad late brng color according cognition shipping lmaya cpet kurirny dah subscription,Negative
5,long obstacle shippedbut items received without defectseasy mengerakitnya already key install bolt,Negative
5,bangettt bagusthe cloth also goodprice according yabg datengdelivery also longdehhcan subscribed nihh nggae sempet photo problem already gasabar want use,Negative
5,packaging time rather slow arrived even though bbrp x delivery failed eskpeditionthanks,Negative
1,disappointed ive waiting long time doesnt another wrna,Negative
5,good defectsonly shipping quite long usually days arrivedits days wrong,Negative
5,bigss alhamdulillah disabled shipping rather slow maybe overload recommended guys steady,Negative
