,Unnamed: 0,index,rating,caption,middle,reviews
0,0,0,1.0,"(Translated by Google) The transport arrived, did not call to tell. throw things away bad ‚Ä¶"," The transport arrived, did not call to tell. throw things away bad ‚Ä¶"," The transport arrived, did not call to tell. throw things away bad ‚Ä¶"
1,1,1,4.0,(Translated by Google) Slow delivery. Improve it  (Original) ‚Ä¶, Slow delivery. Improve it  (Original, Slow delivery. Improve it  
2,2,2,1.0,"(Translated by Google) Lost things, but no responsibility Be careful, others. The number affixed to the label What do you have for cats? Called and no one picked up. ‚Ä¶"," Lost things, but no responsibility Be careful, others. The number affixed to the label What do you have for cats? Called and no one picked up. ‚Ä¶"," Lost things, but no responsibility Be careful, others. The number affixed to the label What do you have for cats? Called and no one picked up. ‚Ä¶"
3,3,3,1.0,"(Translated by Google) Very bad, according to the parcel for 6 days already. Told to pay, but the recipient has to postpone it to the next day? Call the next day and tell the staff that they need to be quarantined. Working very late, told ‚Ä¶"," Very bad, according to the parcel for 6 days already. Told to pay, but the recipient has to postpone it to the next day? Call the next day and tell the staff that they need to be quarantined. Working very late, told ‚Ä¶"," Very bad, according to the parcel for 6 days already. Told to pay, but the recipient has to postpone it to the next day? Call the next day and tell the staff that they need to be quarantined. Working very late, told ‚Ä¶"
4,4,4,1.0,"(Translated by Google) Ordered items from Shopee, items arrived at the branch, the status was being delivered. If it's being delivered, you have to wait 3 more days to receive the item, but inform you that it's delivering every day The ‚Ä¶"," Ordered items from Shopee, items arrived at the branch, the status was being delivered. If it's being delivered, you have to wait 3 more days to receive the item, but inform you that it's delivering every day The ‚Ä¶"," Ordered items from Shopee, items arrived at the branch, the status was being delivered. If it's being delivered, you have to wait 3 more days to receive the item, but inform you that it's delivering every day The ‚Ä¶"
5,5,5,1.0,(Translated by Google) Lottery  (Original) ‡∏´‡∏ß‡∏¢‡πÜ‡πÜ, Lottery  (Original, Lottery  
6,6,6,4.0,(Translated by Google) You can park your car in front of the store.  (Original) ‡∏à‡∏≠‡∏î‡∏£‡∏ñ‡∏´‡∏ô‡πâ‡∏≤‡∏£‡πâ‡∏≤‡∏ô‡πÑ‡∏î‡πâ‡πÄ‡∏•‡∏¢‡∏Ñ‡πà‡∏∞, You can park your car in front of the store.  (Original, You can park your car in front of the store.  
7,7,7,1.0,"(Translated by Google) Ordering things from a shoppee, what would be like to be classified as wrongly every time, wasted time until the delivery was lured on the 5th day, I do not know what to wait for. ‚Ä¶"," Ordering things from a shoppee, what would be like to be classified as wrongly every time, wasted time until the delivery was lured on the 5th day, I do not know what to wait for. ‚Ä¶"," Ordering things from a shoppee, what would be like to be classified as wrongly every time, wasted time until the delivery was lured on the 5th day, I do not know what to wait for. ‚Ä¶"
8,8,8,1.0,"(Translated by Google) Very bad, the number provided was not stuck. Even if stuck, there is no receiver I like the pickle of the main branch. ‚Ä¶"," Very bad, the number provided was not stuck. Even if stuck, there is no receiver I like the pickle of the main branch. ‚Ä¶"," Very bad, the number provided was not stuck. Even if stuck, there is no receiver I like the pickle of the main branch. ‚Ä¶"
9,9,9,1.0,"(Translated by Google) Very bad, the delivery man spoke very badly, his behavior was not good at all. Like going to ask The driver drove a tricycle and delivered to Lerdsin. Could be ‚Ä¶"," Very bad, the delivery man spoke very badly, his behavior was not good at all. Like going to ask The driver drove a tricycle and delivered to Lerdsin. Could be ‚Ä¶"," Very bad, the delivery man spoke very badly, his behavior was not good at all. Like going to ask The driver drove a tricycle and delivered to Lerdsin. Could be ‚Ä¶"
10,10,10,1.0,"(Translated by Google) What is the unsuccessful parcel delivery due to the recipient postponement of the shipment? Crazy? Who did you postpone? Calling, do not call. Security at the building, there is no deposit. Very bad. ‚Ä¶"," What is the unsuccessful parcel delivery due to the recipient postponement of the shipment? Crazy? Who did you postpone? Calling, do not call. Security at the building, there is no deposit. Very bad. ‚Ä¶"," What is the unsuccessful parcel delivery due to the recipient postponement of the shipment? Crazy? Who did you postpone? Calling, do not call. Security at the building, there is no deposit. Very bad. ‚Ä¶"
11,11,11,1.0,(Translated by Google) The company is about to go bankrupt and the staff tell us all things do not deliver. To the warehouse as the nation The call was followed and not delivered. ‚Ä¶, The company is about to go bankrupt and the staff tell us all things do not deliver. To the warehouse as the nation The call was followed and not delivered. ‚Ä¶, The company is about to go bankrupt and the staff tell us all things do not deliver. To the warehouse as the nation The call was followed and not delivered. ‚Ä¶
12,12,12,1.0,"(Translated by Google) Transport quality is very poor, even the most star should not be washed. How to postpone the delivery of your own, not calling and calling and not picking up The Sathorn branch calls won't be connected. It is the ‚Ä¶"," Transport quality is very poor, even the most star should not be washed. How to postpone the delivery of your own, not calling and calling and not picking up The Sathorn branch calls won't be connected. It is the ‚Ä¶"," Transport quality is very poor, even the most star should not be washed. How to postpone the delivery of your own, not calling and calling and not picking up The Sathorn branch calls won't be connected. It is the ‚Ä¶"
13,13,13,1.0,"(Translated by Google) If you call, you can't contact as if you turned off your phone. The transmission went wrong ‚Ä¶"," If you call, you can't contact as if you turned off your phone. The transmission went wrong ‚Ä¶"," If you call, you can't contact as if you turned off your phone. The transmission went wrong ‚Ä¶"
14,14,14,1.0,"(Translated by Google) Give 0 stars, but the system is forced to choose 1 star, people send things quickly, but the delivery person does not actually send, no contact, but informs in the system that cannot be contacted Recipient has ‚Ä¶"," Give 0 stars, but the system is forced to choose 1 star, people send things quickly, but the delivery person does not actually send, no contact, but informs in the system that cannot be contacted Recipient has ‚Ä¶"," Give 0 stars, but the system is forced to choose 1 star, people send things quickly, but the delivery person does not actually send, no contact, but informs in the system that cannot be contacted Recipient has ‚Ä¶"
15,15,15,1.0,"(Translated by Google) Waiting for the pick up all day, but go up to update in shopping at 8 o'clock that customers postpone the pick up We hurriedly told the shop that we did not postpone the appointment, why the items did not deliver. In ‚Ä¶"," Waiting for the pick up all day, but go up to update in shopping at 8 o'clock that customers postpone the pick up We hurriedly told the shop that we did not postpone the appointment, why the items did not deliver. In ‚Ä¶"," Waiting for the pick up all day, but go up to update in shopping at 8 o'clock that customers postpone the pick up We hurriedly told the shop that we did not postpone the appointment, why the items did not deliver. In ‚Ä¶"
16,16,16,1.0,"(Translated by Google) The item should arrive from 28/10/2020, no calls, not delivered at the address. But write down the follow-up that the recipient has postponed the appointment So what is it for three times? If the service is so bad, it ‚Ä¶"," The item should arrive from 28/10/2020, no calls, not delivered at the address. But write down the follow-up that the recipient has postponed the appointment So what is it for three times? If the service is so bad, it ‚Ä¶"," The item should arrive from 28/10/2020, no calls, not delivered at the address. But write down the follow-up that the recipient has postponed the appointment So what is it for three times? If the service is so bad, it ‚Ä¶"
17,17,18,3.0,(Translated by Google) Closes a little early and the shop sign is not clear. But Nong is good service Delivery to customers quickly And like the notification system I'd like you to extend the closing hours and make a clear sign. 5 stars ‚Ä¶, Closes a little early and the shop sign is not clear. But Nong is good service Delivery to customers quickly And like the notification system I'd like you to extend the closing hours and make a clear sign. 5 stars ‚Ä¶, Closes a little early and the shop sign is not clear. But Nong is good service Delivery to customers quickly And like the notification system I'd like you to extend the closing hours and make a clear sign. 5 stars ‚Ä¶
18,18,19,1.0,"(Translated by Google) Transportation is extremely bad. Can't send in time or get stuck in trouble, no call, tell me a word, I want to postpone it. Without a work ethic Suck up üëéüèªüëéüèªüëéüèªüëéüèªüëéüèª ‚Ä¶"," Transportation is extremely bad. Can't send in time or get stuck in trouble, no call, tell me a word, I want to postpone it. Without a work ethic Suck up üëéüèªüëéüèªüëéüèªüëéüèªüëéüèª ‚Ä¶"," Transportation is extremely bad. Can't send in time or get stuck in trouble, no call, tell me a word, I want to postpone it. Without a work ethic Suck up üëéüèªüëéüèªüëéüèªüëéüèªüëéüèª ‚Ä¶"
19,19,20,1.0,"(Translated by Google) No wonder why the delivery doesn't get late The product that is sent has to tell the front of the box what is inside. That is, if an employee is picking up something, they can watch it. This has been sent ‚Ä¶"," No wonder why the delivery doesn't get late The product that is sent has to tell the front of the box what is inside. That is, if an employee is picking up something, they can watch it. This has been sent ‚Ä¶"," No wonder why the delivery doesn't get late The product that is sent has to tell the front of the box what is inside. That is, if an employee is picking up something, they can watch it. This has been sent ‚Ä¶"
20,20,21,2.0,"(Translated by Google) The signs of the shop are not gradually clear, difficult to see, not very good management. Today it comes to deliver goods at 9.30 and the store has not opened yet. ‚Ä¶"," The signs of the shop are not gradually clear, difficult to see, not very good management. Today it comes to deliver goods at 9.30 and the store has not opened yet. ‚Ä¶"," The signs of the shop are not gradually clear, difficult to see, not very good management. Today it comes to deliver goods at 9.30 and the store has not opened yet. ‚Ä¶"
21,21,23,5.0,"(Translated by Google) Lovely staff, polite speech, resolve problems quickly. We have a delivery issue. Please add Line and send the address. In a few hours, she sent me a new parcel number. (The employee's name is Pumpui, as in the name of ‚Ä¶"," Lovely staff, polite speech, resolve problems quickly. We have a delivery issue. Please add Line and send the address. In a few hours, she sent me a new parcel number. (The employee's name is Pumpui, as in the name of ‚Ä¶"," Lovely staff, polite speech, resolve problems quickly. We have a delivery issue. Please add Line and send the address. In a few hours, she sent me a new parcel number. "
22,22,25,1.0,"(Translated by Google) The service does not matter, the book to pick up the parcel does not come, no customer contact, and when the call is followed, the answer is persistent. Improve it. ‚Ä¶"," The service does not matter, the book to pick up the parcel does not come, no customer contact, and when the call is followed, the answer is persistent. Improve it. ‚Ä¶"," The service does not matter, the book to pick up the parcel does not come, no customer contact, and when the call is followed, the answer is persistent. Improve it. ‚Ä¶"
23,23,27,1.0,"(Translated by Google) Not successful But didn't see anyone coming And then said that we postponed the product receipt Even though the product hasn't been delivered yet, terrible. ‚Ä¶"," Not successful But didn't see anyone coming And then said that we postponed the product receipt Even though the product hasn't been delivered yet, terrible. ‚Ä¶"," Not successful But didn't see anyone coming And then said that we postponed the product receipt Even though the product hasn't been delivered yet, terrible. ‚Ä¶"
24,24,28,1.0,(Translated by Google) Delivery is very slow. The item arrived at the destination branch for several days. But refused to deliver Why are you pickle? ‚Ä¶, Delivery is very slow. The item arrived at the destination branch for several days. But refused to deliver Why are you pickle? ‚Ä¶, Delivery is very slow. The item arrived at the destination branch for several days. But refused to deliver Why are you pickle? ‚Ä¶
25,25,29,1.0,"(Translated by Google) Unable to reach the number, but there was no one answering. Very slow delivery. The item is not delivered. But the delivery is unsuccessful. Confused. Even though there are people 24 hours a day. ‚Ä¶"," Unable to reach the number, but there was no one answering. Very slow delivery. The item is not delivered. But the delivery is unsuccessful. Confused. Even though there are people 24 hours a day. ‚Ä¶"," Unable to reach the number, but there was no one answering. Very slow delivery. The item is not delivered. But the delivery is unsuccessful. Confused. Even though there are people 24 hours a day. ‚Ä¶"
26,26,31,1.0,"(Translated by Google) Poor Poor everthing worst service Did not come to receive the product, so determined the booking with the shopee like this many times In addition, the phone number that is signed is not true in the world. Call ‚Ä¶"," Poor Poor everthing worst service Did not come to receive the product, so determined the booking with the shopee like this many times In addition, the phone number that is signed is not true in the world. Call ‚Ä¶"," Poor Poor everthing worst service Did not come to receive the product, so determined the booking with the shopee like this many times In addition, the phone number that is signed is not true in the world. Call ‚Ä¶"
27,27,32,1.0,"(Translated by Google) Wrong life. Change. Try to go to the best express service. The service is terrible. Especially the women at the Sathorn branch, people who wear glasses This manners are superb. ‚Ä¶"," Wrong life. Change. Try to go to the best express service. The service is terrible. Especially the women at the Sathorn branch, people who wear glasses This manners are superb. ‚Ä¶"," Wrong life. Change. Try to go to the best express service. The service is terrible. Especially the women at the Sathorn branch, people who wear glasses This manners are superb. ‚Ä¶"
28,28,33,1.0,(Translated by Google) Why did you pick up the slow pickle?  (Original) ‡∏´‡πà‡∏ß‡∏¢ ‡∏™‡πà‡∏á‡∏Ç‡∏≠‡∏á‡∏ä‡πâ‡∏≤ ‡∏î‡∏≠‡∏á‡πÑ‡∏ß‡πâ‡∏ó‡∏≥‡πÑ‡∏°, Why did you pick up the slow pickle?  (Original, Why did you pick up the slow pickle?  
29,29,35,1.0,"(Translated by Google) Terrible, terrible. Not necessary. Not used. But it can not be changed, calling several times, saying to come to pick up the item, not to book Lazada up for a long time and said that if wanting to receive the product, ‚Ä¶"," Terrible, terrible. Not necessary. Not used. But it can not be changed, calling several times, saying to come to pick up the item, not to book Lazada up for a long time and said that if wanting to receive the product, ‚Ä¶"," Terrible, terrible. Not necessary. Not used. But it can not be changed, calling several times, saying to come to pick up the item, not to book Lazada up for a long time and said that if wanting to receive the product, ‚Ä¶"
30,30,36,1.0,"(Translated by Google) Called to pick up the product, did not pick up Call to ask for an address but not to pick up ‚Ä¶"," Called to pick up the product, did not pick up Call to ask for an address but not to pick up ‚Ä¶"," Called to pick up the product, did not pick up Call to ask for an address but not to pick up ‚Ä¶"
31,31,37,1.0,"(Translated by Google) Didn't call the item for a long time, why not pay for the customer to order later until all the delivery, and why do you open 3 to provide such a bad service? I wouldn't be angry. ‚Ä¶"," Didn't call the item for a long time, why not pay for the customer to order later until all the delivery, and why do you open 3 to provide such a bad service? I wouldn't be angry. ‚Ä¶"," Didn't call the item for a long time, why not pay for the customer to order later until all the delivery, and why do you open 3 to provide such a bad service? I wouldn't be angry. ‚Ä¶"
32,32,39,1.0,(Translated by Google) Can't connect at all Appointment doesn't come  (Original) ‚Ä¶, Can't connect at all Appointment doesn't come  (Original, Can't connect at all Appointment doesn't come  
33,33,40,1.0,"(Translated by Google) Worst. If not ready to service, should not open the service. ‚Ä¶"," Worst. If not ready to service, should not open the service. ‚Ä¶"," Worst. If not ready to service, should not open the service. ‚Ä¶"
34,34,41,1.0,"(Translated by Google) The package was delivered very slowly. I do not understand how to manage the system, even after checking the status of the item has arrived at the destination branch for many days already. But haven't received ‚Ä¶"," The package was delivered very slowly. I do not understand how to manage the system, even after checking the status of the item has arrived at the destination branch for many days already. But haven't received ‚Ä¶"," The package was delivered very slowly. I do not understand how to manage the system, even after checking the status of the item has arrived at the destination branch for many days already. But haven't received ‚Ä¶"
35,35,42,5.0,"(Translated by Google) Use the service for the second time. Service is very good, fast, inexpensive, in case of heavy weight products. Ordered from Sukhothai, 29 April - 1 May. 2 days to reach. Very good. Before sending an SMS notification ‚Ä¶"," Use the service for the second time. Service is very good, fast, inexpensive, in case of heavy weight products. Ordered from Sukhothai, 29 April - 1 May. 2 days to reach. Very good. Before sending an SMS notification ‚Ä¶"," Use the service for the second time. Service is very good, fast, inexpensive, in case of heavy weight products. Ordered from Sukhothai, 29 April - 1 May. 2 days to reach. Very good. Before sending an SMS notification ‚Ä¶"
36,36,43,1.0,(Translated by Google) This is too bad.  (Original) ‡πÅ‡∏¢‡πà‡∏°‡∏≤‡∏Å‡πÄ‡∏£‡∏¢‚Äã ‡∏´‡πà‡∏ß‡∏¢‡πÅ‡∏ï‡∏Å‡∏™‡πà‡∏á‡∏ä‡πâ‡∏≤‡∏°‡∏≤‡∏Å, This is too bad.  (Original, This is too bad.  
37,37,45,1.0,"(Translated by Google) Very slow delivery !!!! While typing this, it's still not ‚Ä¶"," Very slow delivery !!!! While typing this, it's still not ‚Ä¶"," Very slow delivery !!!! While typing this, it's still not ‚Ä¶"
38,38,46,1.0,"(Translated by Google) The item arrived for several days, still not delivered.  (Original) ‚Ä¶"," The item arrived for several days, still not delivered.  (Original"," The item arrived for several days, still not delivered.  "
39,39,47,1.0,What a bad service company.  Never can trust their words.   Both Phone and LINE cannot be reached.   Very poor customer service.  They dont know what they are doing.  Never use this company,,What a bad service company.  Never can trust their words.   Both Phone and LINE cannot be reached.   Very poor customer service.  They dont know what they are doing.  Never use this company
40,40,48,1.0,(Translated by Google) Do not pay  (Original) ‡πÑ‡∏°‡πà‡∏ô‡∏≥‡∏à‡πà‡∏≤‡∏¢‡∏™‡∏¥‡∏ô‡∏Ñ‡πâ‡∏≤, Do not pay  (Original, Do not pay  
41,41,49,1.0,"(Translated by Google) What time do you open ?? Take good, storefront 8:00 Google 8:30 8:50 What is the sign for ""Staff to stay""? ‚Ä¶"," What time do you open ?? Take good, storefront 8:00 Google 8:30 8:50 What is the sign for ""Staff to stay""? ‚Ä¶"," What time do you open ?? Take good, storefront 8:00 Google 8:30 8:50 What is the sign for ""Staff to stay""? ‚Ä¶"
42,42,50,3.0,"(Translated by Google) The goods had arrived a long time but didn't want to reach the destination. Too bad, but in the end, they were confused. ‚Ä¶"," The goods had arrived a long time but didn't want to reach the destination. Too bad, but in the end, they were confused. ‚Ä¶"," The goods had arrived a long time but didn't want to reach the destination. Too bad, but in the end, they were confused. ‚Ä¶"
43,43,51,1.0,"(Translated by Google) Send the parcels from Hua Hin to Bangkok, stay at the Sathorn branch for 6 days and contact whichever way is not very bad. Do not recommend to use the service at all. ‚Ä¶"," Send the parcels from Hua Hin to Bangkok, stay at the Sathorn branch for 6 days and contact whichever way is not very bad. Do not recommend to use the service at all. ‚Ä¶"," Send the parcels from Hua Hin to Bangkok, stay at the Sathorn branch for 6 days and contact whichever way is not very bad. Do not recommend to use the service at all. ‚Ä¶"
44,44,53,1.0,(Translated by Google) late  (Original) ‡∏™‡πà‡∏á‡∏ä‡πâ‡∏≤, late  (Original, late  
45,45,54,1.0,(Translated by Google) Ordered at the destination branch Each time since waiting for 7 days still haven't received the item at all Being excluded from anything ‚Ä¶, Ordered at the destination branch Each time since waiting for 7 days still haven't received the item at all Being excluded from anything ‚Ä¶, Ordered at the destination branch Each time since waiting for 7 days still haven't received the item at all Being excluded from anything ‚Ä¶
46,46,55,1.0,(Translated by Google) Delivery is very slow. No one answered. Will be the first and last service ‚Ä¶, Delivery is very slow. No one answered. Will be the first and last service ‚Ä¶, Delivery is very slow. No one answered. Will be the first and last service ‚Ä¶
47,47,56,1.0,"(Translated by Google) Called and did not answer, will follow the package jerk  (Original) ‚Ä¶"," Called and did not answer, will follow the package jerk  (Original"," Called and did not answer, will follow the package jerk  "
48,48,59,1.0,"(Translated by Google) Seems not going to survive if the service is still like this. Delivering parcels late, slow delivery, closing for unknown reasons Is to understand that Lek organization has just entered into a new business, but if not ‚Ä¶"," Seems not going to survive if the service is still like this. Delivering parcels late, slow delivery, closing for unknown reasons Is to understand that Lek organization has just entered into a new business, but if not ‚Ä¶"," Seems not going to survive if the service is still like this. Delivering parcels late, slow delivery, closing for unknown reasons Is to understand that Lek organization has just entered into a new business, but if not ‚Ä¶"
49,49,61,1.0,(Translated by Google) Poor one word  (Original) ‡πÅ‡∏¢‡πà‡∏Ñ‡∏≥‡πÄ‡∏î‡∏µ‡∏¢‡∏ß, Poor one word  (Original, Poor one word  
50,0,0,5.0,"(Translated by Google) Oh, I'll try to answer the question. Please give the staff time to study the details more fluently. Sorry for the late reply, everyone. ‚Ä¶"," Oh, I'll try to answer the question. Please give the staff time to study the details more fluently. Sorry for the late reply, everyone. ‚Ä¶"," Oh, I'll try to answer the question. Please give the staff time to study the details more fluently. Sorry for the late reply, everyone. ‚Ä¶"
51,1,1,1.0,"(Translated by Google) Slow delivery, customers wait a long time.  (Original) ‡∏™‡πà‡∏á‡∏Ç‡∏≠‡∏á‡∏ä‡πâ‡∏≤‡∏•‡∏π‡∏Å‡∏Ñ‡πâ‡∏≤‡∏Å‡πá‡∏£‡∏≠‡∏Ç‡∏≠‡∏á‡∏ô‡∏≤‡∏ô"," Slow delivery, customers wait a long time.  (Original"," Slow delivery, customers wait a long time.  "
52,2,2,1.0,(Translated by Google) Employees to enter or not to receive the product are not informed. Calls can never be contacted. Called did not answer. and will give you a phone number for........ ‚Ä¶, Employees to enter or not to receive the product are not informed. Calls can never be contacted. Called did not answer. and will give you a phone number for........ ‚Ä¶, Employees to enter or not to receive the product are not informed. Calls can never be contacted. Called did not answer. and will give you a phone number for........ ‚Ä¶
53,3,3,1.0,(Translated by Google) Worst branch in bass  (Original) ‡∏™‡∏≤‡∏Ç‡∏≤‡∏ó‡∏µ‡πà‡∏´‡πà‡∏ß‡∏¢‡πÅ‡∏ï‡∏Å‡∏ó‡∏µ‡πà‡∏™‡∏∏‡∏î‡πÉ‡∏ô‡πÄ‡∏ö‡∏™, Worst branch in bass  (Original, Worst branch in bass  
54,4,4,1.0,"(Translated by Google) It is a branch that I want to contact very much. Don't come and send anything or anything. Move to send to another place. Called 10 times no one answering the call Who will use the service, think carefully, your stuff ‚Ä¶"," It is a branch that I want to contact very much. Don't come and send anything or anything. Move to send to another place. Called 10 times no one answering the call Who will use the service, think carefully, your stuff ‚Ä¶"," It is a branch that I want to contact very much. Don't come and send anything or anything. Move to send to another place. Called 10 times no one answering the call Who will use the service, think carefully, your stuff ‚Ä¶"
55,5,5,1.0,"(Translated by Google) Very bad service, I sent the product in 7 days and it still hasn't arrived. together in Bangkok Very difficult to contact the branch The number given to call is not a single number. The delivery date continues with ‚Ä¶"," Very bad service, I sent the product in 7 days and it still hasn't arrived. together in Bangkok Very difficult to contact the branch The number given to call is not a single number. The delivery date continues with ‚Ä¶"," Very bad service, I sent the product in 7 days and it still hasn't arrived. together in Bangkok Very difficult to contact the branch The number given to call is not a single number. The delivery date continues with ‚Ä¶"
56,6,6,1.0,"(Translated by Google) Sucks, another confirmation.  (Original) ‡∏´‡πà‡∏ß‡∏¢‡∏à‡∏¥‡∏á‡∏Ñ‡∏£‡∏±‡∏ö ‡∏¢‡∏∑‡∏ô‡∏¢‡∏±‡∏ô‡∏≠‡∏µ‡∏Å‡πÄ‡∏™‡∏µ‡∏¢‡∏á"," Sucks, another confirmation.  (Original"," Sucks, another confirmation.  "
57,7,7,5.0,(Translated by Google) good  (Original) ‡∏î‡∏µ‡∏Ñ‡∏£‡∏±‡∏ö, good  (Original, good  
58,8,8,1.0,(Translated by Google) It's been 5 days. Sending items from Sukhothai. It says 2 days. It's full here. On the 5th. Today the items are still here. Called yesterday and said not enough staff Is it still there? ‚Ä¶, It's been 5 days. Sending items from Sukhothai. It says 2 days. It's full here. On the 5th. Today the items are still here. Called yesterday and said not enough staff Is it still there? ‚Ä¶, It's been 5 days. Sending items from Sukhothai. It says 2 days. It's full here. On the 5th. Today the items are still here. Called yesterday and said not enough staff Is it still there? ‚Ä¶
59,9,9,1.0,(Translated by Google) Items arrived at the branch 2 days ago and still not delivered until now. In the system it says that the officers are not enough?...I want to go crazy. The phone went off and there was no one answering. Call the call ‚Ä¶, Items arrived at the branch 2 days ago and still not delivered until now. In the system it says that the officers are not enough?...I want to go crazy. The phone went off and there was no one answering. Call the call ‚Ä¶, Items arrived at the branch 2 days ago and still not delivered until now. In the system it says that the officers are not enough?...I want to go crazy. The phone went off and there was no one answering. Call the call ‚Ä¶
60,10,10,1.0,"(Translated by Google) provided number Is it really usable? Or give it to just complete the number, can't be contacted The product should have been delivered from 29/5 until now, still not received. ‚Ä¶"," provided number Is it really usable? Or give it to just complete the number, can't be contacted The product should have been delivered from 29/5 until now, still not received. ‚Ä¶"," provided number Is it really usable? Or give it to just complete the number, can't be contacted The product should have been delivered from 29/5 until now, still not received. ‚Ä¶"
61,11,11,1.0,(Translated by Google) Very bad call all day no one answer Plus turn off the device The attendant must have a call to say that he or she will come and deliver. But there was none this time. We sat in bed for 3 days without going anywhere. ‚Ä¶, Very bad call all day no one answer Plus turn off the device The attendant must have a call to say that he or she will come and deliver. But there was none this time. We sat in bed for 3 days without going anywhere. ‚Ä¶, Very bad call all day no one answer Plus turn off the device The attendant must have a call to say that he or she will come and deliver. But there was none this time. We sat in bed for 3 days without going anywhere. ‚Ä¶
62,12,12,1.0,(Translated by Google) The item bounced back three days ago. I don't know when I'll get it. ‚Ä¶, The item bounced back three days ago. I don't know when I'll get it. ‚Ä¶, The item bounced back three days ago. I don't know when I'll get it. ‚Ä¶
63,13,13,1.0,"(Translated by Google) Service is very bad, very bad, it is a shop in Shopee, specified to be sent to Best Express this branch, 7 days have passed, do not deliver and return the product back to the shop, the customer is very good, happy to ‚Ä¶"," Service is very bad, very bad, it is a shop in Shopee, specified to be sent to Best Express this branch, 7 days have passed, do not deliver and return the product back to the shop, the customer is very good, happy to ‚Ä¶"," Service is very bad, very bad, it is a shop in Shopee, specified to be sent to Best Express this branch, 7 days have passed, do not deliver and return the product back to the shop, the customer is very good, happy to ‚Ä¶"
64,14,14,1.0,"(Translated by Google) Very bad, this branch delivers goods late, no calls to inform customers. Scroll in the system and scroll again. ‚Ä¶"," Very bad, this branch delivers goods late, no calls to inform customers. Scroll in the system and scroll again. ‚Ä¶"," Very bad, this branch delivers goods late, no calls to inform customers. Scroll in the system and scroll again. ‚Ä¶"
65,15,15,1.0,(Translated by Google) Very bad. Service is very bad.  (Original) ‚Ä¶, Very bad. Service is very bad.  (Original, Very bad. Service is very bad.  
66,16,16,1.0,(Translated by Google) Can't contact at all Which number do I need to contact?  (Original) ‚Ä¶, Can't contact at all Which number do I need to contact?  (Original, Can't contact at all Which number do I need to contact?  
67,17,17,1.0,"(Translated by Google) Very difficult to contact, does not answer the phone, answer the phone very difficult, will go to receive the product, hurriedly bounce back to the warehouse Difficult to contact, can't ask at all. ‚Ä¶"," Very difficult to contact, does not answer the phone, answer the phone very difficult, will go to receive the product, hurriedly bounce back to the warehouse Difficult to contact, can't ask at all. ‚Ä¶"," Very difficult to contact, does not answer the phone, answer the phone very difficult, will go to receive the product, hurriedly bounce back to the warehouse Difficult to contact, can't ask at all. ‚Ä¶"
68,18,18,1.0,(Translated by Google) Awful. Waiting for the call but no one called me. That's it. Huay Sud Nawamin branch ‚Ä¶, Awful. Waiting for the call but no one called me. That's it. Huay Sud Nawamin branch ‚Ä¶, Awful. Waiting for the call but no one called me. That's it. Huay Sud Nawamin branch ‚Ä¶
69,19,19,1.0,"(Translated by Google) I will say that it is a very bad branch. If not necessary, do not use this branch. Appointment for pick up from Monday 29/03/64 until 31/03/64 now have not come to receive the item. Called, no one answered the call. ‚Ä¶"," I will say that it is a very bad branch. If not necessary, do not use this branch. Appointment for pick up from Monday 29/03/64 until 31/03/64 now have not come to receive the item. Called, no one answered the call. ‚Ä¶"," I will say that it is a very bad branch. If not necessary, do not use this branch. Appointment for pick up from Monday 29/03/64 until 31/03/64 now have not come to receive the item. Called, no one answered the call. ‚Ä¶"
70,20,20,1.0,"(Translated by Google) That is, if there are no people, this branch will be closed. Worst, the call is not accepted. ‚Ä¶"," That is, if there are no people, this branch will be closed. Worst, the call is not accepted. ‚Ä¶"," That is, if there are no people, this branch will be closed. Worst, the call is not accepted. ‚Ä¶"
71,21,21,1.0,"(Translated by Google) Master, there is no one to take it. Is it okay? The status of the delivery is being delivered, when in the evening it shows that the delivery is not successful 3 times There was no master to wait all day. I ‚Ä¶"," Master, there is no one to take it. Is it okay? The status of the delivery is being delivered, when in the evening it shows that the delivery is not successful 3 times There was no master to wait all day. I ‚Ä¶"," Master, there is no one to take it. Is it okay? The status of the delivery is being delivered, when in the evening it shows that the delivery is not successful 3 times There was no master to wait all day. I ‚Ä¶"
72,22,22,1.0,"(Translated by Google) Desperate is the most isolated transport, slow delivery, lost items, have to sit by the goods, have to sit and hope that the goods will arrive or not. That is, if you choose not to use the service, absolutely ‚Ä¶"," Desperate is the most isolated transport, slow delivery, lost items, have to sit by the goods, have to sit and hope that the goods will arrive or not. That is, if you choose not to use the service, absolutely ‚Ä¶"," Desperate is the most isolated transport, slow delivery, lost items, have to sit by the goods, have to sit and hope that the goods will arrive or not. That is, if you choose not to use the service, absolutely ‚Ä¶"
73,23,23,1.0,"(Translated by Google) In the best system express that it has been But the receptionist said that he had not received it Got a contact number Try to contact both the delivery staff number And branch numbers No one took it. Very bad, very ‚Ä¶"," In the best system express that it has been But the receptionist said that he had not received it Got a contact number Try to contact both the delivery staff number And branch numbers No one took it. Very bad, very ‚Ä¶"," In the best system express that it has been But the receptionist said that he had not received it Got a contact number Try to contact both the delivery staff number And branch numbers No one took it. Very bad, very ‚Ä¶"
74,24,24,1.0,(Translated by Google) The path is not known But didn't call Bringing things back to the warehouse as before. ‚Ä¶, The path is not known But didn't call Bringing things back to the warehouse as before. ‚Ä¶, The path is not known But didn't call Bringing things back to the warehouse as before. ‚Ä¶
75,25,26,1.0,"(Translated by Google) Delivery is terrible, call at 4: 10 minutes To come to deliver And then we get off work at 4 o'clock, sit and wait for half an hour, there is no sign, then when calling 4-5 calls to answer And when receiving, told ‚Ä¶"," Delivery is terrible, call at 4: 10 minutes To come to deliver And then we get off work at 4 o'clock, sit and wait for half an hour, there is no sign, then when calling 4-5 calls to answer And when receiving, told ‚Ä¶"," Delivery is terrible, call at 4: 10 minutes To come to deliver And then we get off work at 4 o'clock, sit and wait for half an hour, there is no sign, then when calling 4-5 calls to answer And when receiving, told ‚Ä¶"
76,26,27,1.0,"(Translated by Google) The worst, delivered fresh goods in 3 days to get the item. Given the call center to follow the items, they haven't sent yet But showed up to pretend that he had sent it but couldn't contact No one contacted them. And ‚Ä¶"," The worst, delivered fresh goods in 3 days to get the item. Given the call center to follow the items, they haven't sent yet But showed up to pretend that he had sent it but couldn't contact No one contacted them. And ‚Ä¶"," The worst, delivered fresh goods in 3 days to get the item. Given the call center to follow the items, they haven't sent yet But showed up to pretend that he had sent it but couldn't contact No one contacted them. And ‚Ä¶"
77,27,28,1.0,"(Translated by Google) For the first time using Best Because Shopee forced to choose Otherwise, we will not scratch. The result is very bad. Status is traveling from ‚Ä¶"," For the first time using Best Because Shopee forced to choose Otherwise, we will not scratch. The result is very bad. Status is traveling from ‚Ä¶"," For the first time using Best Because Shopee forced to choose Otherwise, we will not scratch. The result is very bad. Status is traveling from ‚Ä¶"
78,28,29,1.0,"(Translated by Google) Terrible delivery matter Train some staff. Customers pay for delivery, if not ready, then close. Waste of time and feeling bad The truth should be even negative, should not give a star at all. ‚Ä¶"," Terrible delivery matter Train some staff. Customers pay for delivery, if not ready, then close. Waste of time and feeling bad The truth should be even negative, should not give a star at all. ‚Ä¶"," Terrible delivery matter Train some staff. Customers pay for delivery, if not ready, then close. Waste of time and feeling bad The truth should be even negative, should not give a star at all. ‚Ä¶"
79,29,30,1.0,"(Translated by Google) Terrible thing came to this branch from 2 days ago. Showing that it came out, but failed for 2 days without giving a reason Even though there are always people waiting to receive the goods and not being contacted When ‚Ä¶"," Terrible thing came to this branch from 2 days ago. Showing that it came out, but failed for 2 days without giving a reason Even though there are always people waiting to receive the goods and not being contacted When ‚Ä¶"," Terrible thing came to this branch from 2 days ago. Showing that it came out, but failed for 2 days without giving a reason Even though there are always people waiting to receive the goods and not being contacted When ‚Ä¶"
80,30,31,1.0,"(Translated by Google) Order from the 13 day, the deadline is on the 15th. Until now, he still didn't have any items. I don't know why so long Call to say that I will send as soon as possible. ‚Ä¶"," Order from the 13 day, the deadline is on the 15th. Until now, he still didn't have any items. I don't know why so long Call to say that I will send as soon as possible. ‚Ä¶"," Order from the 13 day, the deadline is on the 15th. Until now, he still didn't have any items. I don't know why so long Call to say that I will send as soon as possible. ‚Ä¶"
81,31,32,1.0,"(Translated by Google) Terrible, bad service, unable to order, contacted items, shut down Didn't contact me on what day to deliver Up to the status of bringing to pay from morning Until halftime, there is no sign Reading some reviews is ‚Ä¶"," Terrible, bad service, unable to order, contacted items, shut down Didn't contact me on what day to deliver Up to the status of bringing to pay from morning Until halftime, there is no sign Reading some reviews is ‚Ä¶"," Terrible, bad service, unable to order, contacted items, shut down Didn't contact me on what day to deliver Up to the status of bringing to pay from morning Until halftime, there is no sign Reading some reviews is ‚Ä¶"
82,32,33,1.0,(Translated by Google) Give a call back But didn't answer the call at all  (Original) ‚Ä¶, Give a call back But didn't answer the call at all  (Original, Give a call back But didn't answer the call at all  
83,33,34,1.0,"(Translated by Google) Alright, alright, alright. Ee chip is lost, work is bad. Of the last 5 days, Mao didn't come Do not pick up anything for 5 days. Called the call center and said Call me back There is no ‚Ä¶"," Alright, alright, alright. Ee chip is lost, work is bad. Of the last 5 days, Mao didn't come Do not pick up anything for 5 days. Called the call center and said Call me back There is no ‚Ä¶"," Alright, alright, alright. Ee chip is lost, work is bad. Of the last 5 days, Mao didn't come Do not pick up anything for 5 days. Called the call center and said Call me back There is no ‚Ä¶"
84,34,35,1.0,"(Translated by Google) Bad, but the status says ""The first parcel delivery was unsuccessful. Because the recipient fuzzy delivery ""even though the employee has not yet sent out - did not call the recipient And there is no actual delivery ‚Ä¶"," Bad, but the status says ""The first parcel delivery was unsuccessful. Because the recipient fuzzy delivery ""even though the employee has not yet sent out - did not call the recipient And there is no actual delivery ‚Ä¶"," Bad, but the status says ""The first parcel delivery was unsuccessful. Because the recipient fuzzy delivery ""even though the employee has not yet sent out - did not call the recipient And there is no actual delivery ‚Ä¶"
85,35,36,1.0,"(Translated by Google) Terrible calling all day, thought that he called the cemetery Can't track down parcels, but only spirits are there? As I do not know how to follow, the call is not accepted, the delivery fee is not broken. Free ‚Ä¶"," Terrible calling all day, thought that he called the cemetery Can't track down parcels, but only spirits are there? As I do not know how to follow, the call is not accepted, the delivery fee is not broken. Free ‚Ä¶"," Terrible calling all day, thought that he called the cemetery Can't track down parcels, but only spirits are there? As I do not know how to follow, the call is not accepted, the delivery fee is not broken. Free ‚Ä¶"
86,36,37,1.0,"(Translated by Google) Ordering goods, we hurriedly use the products from the origin, deliver them. And said that we refused to receive the goods even though we didn't call us at all, what are we waiting for? ‚Ä¶"," Ordering goods, we hurriedly use the products from the origin, deliver them. And said that we refused to receive the goods even though we didn't call us at all, what are we waiting for? ‚Ä¶"," Ordering goods, we hurriedly use the products from the origin, deliver them. And said that we refused to receive the goods even though we didn't call us at all, what are we waiting for? ‚Ä¶"
87,37,38,1.0,"(Translated by Google) This transport company is very bad, so send a message saying that it is taking the package to deliver, but it does not return, does not call to inform at all. When I go to check again, I go back down that I contacted ‚Ä¶"," This transport company is very bad, so send a message saying that it is taking the package to deliver, but it does not return, does not call to inform at all. When I go to check again, I go back down that I contacted ‚Ä¶"," This transport company is very bad, so send a message saying that it is taking the package to deliver, but it does not return, does not call to inform at all. When I go to check again, I go back down that I contacted ‚Ä¶"
88,38,39,1.0,"(Translated by Google) Don't order anymore Something from this branch is really bad. Delivered slowly despite the fact that the goods have arrived Status told me, but I can't see it. Call in late at night. I say I can't contact the ‚Ä¶"," Don't order anymore Something from this branch is really bad. Delivered slowly despite the fact that the goods have arrived Status told me, but I can't see it. Call in late at night. I say I can't contact the ‚Ä¶"," Don't order anymore Something from this branch is really bad. Delivered slowly despite the fact that the goods have arrived Status told me, but I can't see it. Call in late at night. I say I can't contact the ‚Ä¶"
89,39,40,1.0,"(Translated by Google) Very bad, very bad, most of the time, this branch is slow, very slow, there is a place of notification saying that the delivery was not successful because the recipient could not be contacted. Sent another day, said ‚Ä¶"," Very bad, very bad, most of the time, this branch is slow, very slow, there is a place of notification saying that the delivery was not successful because the recipient could not be contacted. Sent another day, said ‚Ä¶"," Very bad, very bad, most of the time, this branch is slow, very slow, there is a place of notification saying that the delivery was not successful because the recipient could not be contacted. Sent another day, said ‚Ä¶"
90,40,41,1.0,"(Translated by Google) Suck, said that the product will not come. Called the branch without answering Why is there a phone? Suggested to go home without having to come to work, the delivery man did not call to inform that he would not be ‚Ä¶"," Suck, said that the product will not come. Called the branch without answering Why is there a phone? Suggested to go home without having to come to work, the delivery man did not call to inform that he would not be ‚Ä¶"," Suck, said that the product will not come. Called the branch without answering Why is there a phone? Suggested to go home without having to come to work, the delivery man did not call to inform that he would not be ‚Ä¶"
91,41,42,1.0,"(Translated by Google) Even though my house is near a branch that has to deliver parcels to me About 300 meters The company has not sent yet, will it show the status that it is shipping for? Calling did not pick up, really strange, the ‚Ä¶"," Even though my house is near a branch that has to deliver parcels to me About 300 meters The company has not sent yet, will it show the status that it is shipping for? Calling did not pick up, really strange, the ‚Ä¶"," Even though my house is near a branch that has to deliver parcels to me About 300 meters The company has not sent yet, will it show the status that it is shipping for? Calling did not pick up, really strange, the ‚Ä¶"
92,42,43,1.0,"(Translated by Google) Calls, cut calls, pay for delivery and have to waste time Satang. ‚Ä¶"," Calls, cut calls, pay for delivery and have to waste time Satang. ‚Ä¶"," Calls, cut calls, pay for delivery and have to waste time Satang. ‚Ä¶"
93,43,44,1.0,"(Translated by Google) The quality as everyone commented ... using others is more comfortable, haha. ‚Ä¶"," The quality as everyone commented ... using others is more comfortable, haha. ‚Ä¶"," The quality as everyone commented ... using others is more comfortable, haha. ‚Ä¶"
94,44,45,1.0,"(Translated by Google) Missed a lot using the service here, slow delivery, no calls received. Will not recommend anyone to use again ‚Ä¶"," Missed a lot using the service here, slow delivery, no calls received. Will not recommend anyone to use again ‚Ä¶"," Missed a lot using the service here, slow delivery, no calls received. Will not recommend anyone to use again ‚Ä¶"
95,45,46,1.0,(Translated by Google) Do not use it again.  (Original) ‡∏≠‡∏¢‡πà‡∏≤‡πÉ‡∏ä‡πâ‡∏≠‡∏µ‡∏Å‡πÄ‡∏•‡∏¢‡∏Ñ‡∏£‡∏±‡∏ö, Do not use it again.  (Original, Do not use it again.  
96,46,47,1.0,"(Translated by Google) So slow !!! Call does not answer Told to send today, did not see anyone calling, very angry ‚Ä¶"," So slow !!! Call does not answer Told to send today, did not see anyone calling, very angry ‚Ä¶"," So slow !!! Call does not answer Told to send today, did not see anyone calling, very angry ‚Ä¶"
97,47,48,1.0,"(Translated by Google) Poor, broken products  (Original) ‡πÅ‡∏¢‡πà‚Äã ‡∏ó‡∏≥‡∏™‡∏¥‡∏ô‡∏Ñ‡πâ‡∏≤‡πÅ‡∏ï‡∏Å‚Äã"," Poor, broken products  (Original"," Poor, broken products  "
98,48,49,1.0,"(Translated by Google) Close the branch, the number is not connected, the delivery is slow, the call is not wiped. ‚Ä¶"," Close the branch, the number is not connected, the delivery is slow, the call is not wiped. ‚Ä¶"," Close the branch, the number is not connected, the delivery is slow, the call is not wiped. ‚Ä¶"
99,49,50,1.0,"(Translated by Google) It is the most badass transport ever Sell ‚Äã‚Äãwith Lazada Being tied up and unable to choose to transport by yourself If any round sent, Lazada took it to this company Items hit back every round. Customers called out to ‚Ä¶"," It is the most badass transport ever Sell ‚Äã‚Äãwith Lazada Being tied up and unable to choose to transport by yourself If any round sent, Lazada took it to this company Items hit back every round. Customers called out to ‚Ä¶"," It is the most badass transport ever Sell ‚Äã‚Äãwith Lazada Being tied up and unable to choose to transport by yourself If any round sent, Lazada took it to this company Items hit back every round. Customers called out to ‚Ä¶"
100,50,51,1.0,"(Translated by Google) Goodbye, no more, very slow. Tell me the bad weather. Not in one drop, ah We are not there enough to understand, what is it today? Why stop today? Other branches do not stop. ‚Ä¶"," Goodbye, no more, very slow. Tell me the bad weather. Not in one drop, ah We are not there enough to understand, what is it today? Why stop today? Other branches do not stop. ‚Ä¶"," Goodbye, no more, very slow. Tell me the bad weather. Not in one drop, ah We are not there enough to understand, what is it today? Why stop today? Other branches do not stop. ‚Ä¶"
101,51,53,1.0,"(Translated by Google) Really bad, if you can choose, you probably won't use the service again. ‚Ä¶"," Really bad, if you can choose, you probably won't use the service again. ‚Ä¶"," Really bad, if you can choose, you probably won't use the service again. ‚Ä¶"
102,52,54,1.0,"(Translated by Google) Call not answer Did not pick up the package on time. Called and claimed there and disappeared. In the end, 2 days passed before receiving the item. It is possible, do not use the best express service. Very bad. ‚Ä¶"," Call not answer Did not pick up the package on time. Called and claimed there and disappeared. In the end, 2 days passed before receiving the item. It is possible, do not use the best express service. Very bad. ‚Ä¶"," Call not answer Did not pick up the package on time. Called and claimed there and disappeared. In the end, 2 days passed before receiving the item. It is possible, do not use the best express service. Very bad. ‚Ä¶"
103,53,56,5.0,(Translated by Google) _P  (Original) _‡∏û‡πâ, _P  (Original, _P  
104,54,58,1.0,"(Translated by Google) Order from Shopee, status says ""Going out and delivering parcels."" This afternoon, I sit and wait to see when the goods will come. In the evening, the status in Shopee reads ""I can't contact the customer"". I'm ‚Ä¶"," Order from Shopee, status says ""Going out and delivering parcels."" This afternoon, I sit and wait to see when the goods will come. In the evening, the status in Shopee reads ""I can't contact the customer"". I'm ‚Ä¶"," Order from Shopee, status says ""Going out and delivering parcels."" This afternoon, I sit and wait to see when the goods will come. In the evening, the status in Shopee reads ""I can't contact the customer"". I'm ‚Ä¶"
105,55,59,1.0,"(Translated by Google) Do not use it again. Trust me, it's so slow, calls won't answer. ‚Ä¶"," Do not use it again. Trust me, it's so slow, calls won't answer. ‚Ä¶"," Do not use it again. Trust me, it's so slow, calls won't answer. ‚Ä¶"
106,56,60,5.0,(Translated by Google) I don't know but you like it.  (Original) ‡πÑ‡∏°‡πà‡∏£‡∏π‡πâ‡∏™‡∏¥ ‡πÅ‡∏•‡πâ‡∏ß‡πÅ‡∏ï‡πà‡πÉ‡∏ï‡∏£‡∏ä‡∏≠‡∏ö, I don't know but you like it.  (Original, I don't know but you like it.  
107,57,62,1.0,(Translated by Google) Very late. Call at 08.19 hrs. Wait until 9:30 pm. Still haven't come. Don't you know that the car is overturned? ‚Ä¶, Very late. Call at 08.19 hrs. Wait until 9:30 pm. Still haven't come. Don't you know that the car is overturned? ‚Ä¶, Very late. Call at 08.19 hrs. Wait until 9:30 pm. Still haven't come. Don't you know that the car is overturned? ‚Ä¶
108,58,63,1.0,(Translated by Google) Be bad  (Original) ‡∏´‡πà‡∏ß‡∏¢‡πÅ‡∏ï‡∏Å, Be bad  (Original, Be bad  
109,59,64,1.0,"(Translated by Google) 0 stars, please? Call for an appointment and can't come. So bad. I contacted the head office for 8 lines. It's been 2 days long. Nawaminthon Branch. Please proceed with this operation 2 times. If not ready, then ‚Ä¶"," 0 stars, please? Call for an appointment and can't come. So bad. I contacted the head office for 8 lines. It's been 2 days long. Nawaminthon Branch. Please proceed with this operation 2 times. If not ready, then ‚Ä¶"," 0 stars, please? Call for an appointment and can't come. So bad. I contacted the head office for 8 lines. It's been 2 days long. Nawaminthon Branch. Please proceed with this operation 2 times. If not ready, then ‚Ä¶"
110,60,65,1.0,"(Translated by Google) Very bad. What is the transportation of the language to find home? Call all day, call the branch and call the delivery person. No one answers If you don't get this standard, don't open it at all. ‚Ä¶"," Very bad. What is the transportation of the language to find home? Call all day, call the branch and call the delivery person. No one answers If you don't get this standard, don't open it at all. ‚Ä¶"," Very bad. What is the transportation of the language to find home? Call all day, call the branch and call the delivery person. No one answers If you don't get this standard, don't open it at all. ‚Ä¶"
111,61,66,1.0,"(Translated by Google) Like pickling, refusing to deliver  (Original) ‡∏ä‡∏≠‡∏ö‡∏î‡∏≠‡∏á‡∏Ç‡∏≠‡∏á ‡πÑ‡∏°‡πà‡∏¢‡∏≠‡∏°‡∏°‡∏≤‡∏™‡πà‡∏á"," Like pickling, refusing to deliver  (Original"," Like pickling, refusing to deliver  "
112,62,68,1.0,(Translated by Google) No one is in the branch? Call all day. No one will pick up the package. ‚Ä¶, No one is in the branch? Call all day. No one will pick up the package. ‚Ä¶, No one is in the branch? Call all day. No one will pick up the package. ‚Ä¶
113,63,69,1.0,"(Translated by Google) The worst thing that has ever been delivered. Wrong delivery that followed. Not found. Finally, we found it. Damage to tens of thousands. Worst, don't use it. Hurry up ‚Ä¶"," The worst thing that has ever been delivered. Wrong delivery that followed. Not found. Finally, we found it. Damage to tens of thousands. Worst, don't use it. Hurry up ‚Ä¶"," The worst thing that has ever been delivered. Wrong delivery that followed. Not found. Finally, we found it. Damage to tens of thousands. Worst, don't use it. Hurry up ‚Ä¶"
114,64,70,1.0,"(Translated by Google) The staff didn't answer the phone calls. The line went very late. Very yesterday. I told him to come to receive the product. Snacks left overnight, did not pick up all 91 items ‚Ä¶"," The staff didn't answer the phone calls. The line went very late. Very yesterday. I told him to come to receive the product. Snacks left overnight, did not pick up all 91 items ‚Ä¶"," The staff didn't answer the phone calls. The line went very late. Very yesterday. I told him to come to receive the product. Snacks left overnight, did not pick up all 91 items ‚Ä¶"
115,65,73,1.0,"(Translated by Google) The goods have arrived at the destination for a long time, but the items are still not preserved. Is this a burdensome burden? It's hard to wait. ‚Ä¶"," The goods have arrived at the destination for a long time, but the items are still not preserved. Is this a burdensome burden? It's hard to wait. ‚Ä¶"," The goods have arrived at the destination for a long time, but the items are still not preserved. Is this a burdensome burden? It's hard to wait. ‚Ä¶"
116,66,74,1.0,"(Translated by Google) Lazada's order on 5 April. The system is delivering on 7 April. But the item has not been delivered. On 10 April, the system will deliver at 8pm. After a while, the system notified that the delivery was unsuccessful. ‚Ä¶"," Lazada's order on 5 April. The system is delivering on 7 April. But the item has not been delivered. On 10 April, the system will deliver at 8pm. After a while, the system notified that the delivery was unsuccessful. ‚Ä¶"," Lazada's order on 5 April. The system is delivering on 7 April. But the item has not been delivered. On 10 April, the system will deliver at 8pm. After a while, the system notified that the delivery was unsuccessful. ‚Ä¶"
117,67,75,1.0,"(Translated by Google) Delivery from 7/4/63. Until today, 11/4/63 have not received the product. Call to ask to say that the product is in the area around Nawamin. The company will deliver again on 13/4/63. The service is very bad .. Just ‚Ä¶"," Delivery from 7/4/63. Until today, 11/4/63 have not received the product. Call to ask to say that the product is in the area around Nawamin. The company will deliver again on 13/4/63. The service is very bad .. Just ‚Ä¶"," Delivery from 7/4/63. Until today, 11/4/63 have not received the product. Call to ask to say that the product is in the area around Nawamin. The company will deliver again on 13/4/63. The service is very bad .. Just ‚Ä¶"
118,68,76,1.0,(Translated by Google) Poor. Delayed delivery to the branch. 2 days not yet delivered. Call to inform the Head Office Promise to send in ‚Ä¶, Poor. Delayed delivery to the branch. 2 days not yet delivered. Call to inform the Head Office Promise to send in ‚Ä¶, Poor. Delayed delivery to the branch. 2 days not yet delivered. Call to inform the Head Office Promise to send in ‚Ä¶
119,69,77,1.0,"(Translated by Google) Order in the shop, choose to send the best express The shopkeeper sent the item on Friday. Instead of getting Saturday The system failed to deliver because the package was blocked. Monday passed. Be quiet. ‚Ä¶"," Order in the shop, choose to send the best express The shopkeeper sent the item on Friday. Instead of getting Saturday The system failed to deliver because the package was blocked. Monday passed. Be quiet. ‚Ä¶"," Order in the shop, choose to send the best express The shopkeeper sent the item on Friday. Instead of getting Saturday The system failed to deliver because the package was blocked. Monday passed. Be quiet. ‚Ä¶"
120,70,78,5.0,(Translated by Google) Give five stars in case of getting a bonus üòÇüòÇüòÇ  (Original) ‡πÉ‡∏´‡πâ‡∏´‡πâ‡∏≤‡∏î‡∏≤‡∏ß‡πÄ‡∏ú‡∏∑‡πà‡∏≠‡πÑ‡∏î‡πâ‡πÇ‡∏ö‡∏ô‡∏±‡∏™üòÇüòÇüòÇ, Give five stars in case of getting a bonus üòÇüòÇüòÇ  (Original, Give five stars in case of getting a bonus üòÇüòÇüòÇ  
121,71,79,4.0,They went out of their way to help locate and deliver my package. Very pleased with their customer service.,,They went out of their way to help locate and deliver my package. Very pleased with their customer service.
122,0,0,5.0,‡πÄ‡∏û‡∏¥‡πà‡∏á‡πÑ‡∏õ‡∏™‡πà‡∏á‡∏Ç‡∏≠‡∏á‡∏°‡∏≤‡∏ß‡∏±‡∏ô‡∏ô‡∏µ‡πâ‡∏Ñ‡πà‡∏∞ ‡∏û‡∏ô‡∏±‡∏Å‡∏á‡∏≤‡∏ô‡πÉ‡∏à‡∏î‡∏µ‡∏°‡∏≤‡∏Å üòÑ‚ú® ‡∏ó‡∏µ‡πà‡∏à‡∏≠‡∏î‡∏£‡∏ñ‡∏Å‡∏ß‡πâ‡∏≤‡∏á‡∏Ç‡∏ß‡∏≤‡∏á ‡∏™‡∏∞‡∏î‡∏ß‡∏Å‡∏™‡∏ö‡∏≤‡∏¢ ‡πÅ‡∏ô‡∏∞‡∏ô‡∏≥‡∏ó‡∏µ‡πà‡∏ô‡∏µ‡πà‡∏Ñ‡πà‡∏∞,,‡πÄ‡∏û‡∏¥‡πà‡∏á‡πÑ‡∏õ‡∏™‡πà‡∏á‡∏Ç‡∏≠‡∏á‡∏°‡∏≤‡∏ß‡∏±‡∏ô‡∏ô‡∏µ‡πâ‡∏Ñ‡πà‡∏∞ ‡∏û‡∏ô‡∏±‡∏Å‡∏á‡∏≤‡∏ô‡πÉ‡∏à‡∏î‡∏µ‡∏°‡∏≤‡∏Å üòÑ‚ú® ‡∏ó‡∏µ‡πà‡∏à‡∏≠‡∏î‡∏£‡∏ñ‡∏Å‡∏ß‡πâ‡∏≤‡∏á‡∏Ç‡∏ß‡∏≤‡∏á ‡∏™‡∏∞‡∏î‡∏ß‡∏Å‡∏™‡∏ö‡∏≤‡∏¢ ‡πÅ‡∏ô‡∏∞‡∏ô‡∏≥‡∏ó‡∏µ‡πà‡∏ô‡∏µ‡πà‡∏Ñ‡πà‡∏∞
123,1,1,5.0,‡πÄ‡∏û‡∏¥‡πà‡∏á‡πÑ‡∏õ‡∏™‡πà‡∏á‡∏Ç‡∏≠‡∏á‡∏°‡∏≤‡∏ß‡∏±‡∏ô‡∏ô‡∏µ‡πâ‡∏Ñ‡πà‡∏∞ ‡∏û‡∏ô‡∏±‡∏Å‡∏á‡∏≤‡∏ô‡πÉ‡∏à‡∏î‡∏µ‡∏ó‡∏∏‡∏Å‡∏Ñ‡∏ô‡πÄ‡∏•‡∏¢‡∏Ñ‡πà‡∏∞ üòÑ‚ú® ‡∏ó‡∏µ‡πà‡∏à‡∏≠‡∏î‡∏£‡∏ñ‡∏Å‡∏ß‡πâ‡∏≤‡∏á‡∏Ç‡∏ß‡∏≤‡∏á ‡∏™‡∏∞‡∏î‡∏ß‡∏Å‡∏™‡∏ö‡∏≤‡∏¢‡∏°‡∏≤‡∏Å‡πÜ ‡πÅ‡∏ô‡∏∞‡∏ô‡∏≥‡∏ó‡∏µ‡πà‡∏ô‡∏µ‡πà‡∏Ñ‡πà‡∏∞,,‡πÄ‡∏û‡∏¥‡πà‡∏á‡πÑ‡∏õ‡∏™‡πà‡∏á‡∏Ç‡∏≠‡∏á‡∏°‡∏≤‡∏ß‡∏±‡∏ô‡∏ô‡∏µ‡πâ‡∏Ñ‡πà‡∏∞ ‡∏û‡∏ô‡∏±‡∏Å‡∏á‡∏≤‡∏ô‡πÉ‡∏à‡∏î‡∏µ‡∏ó‡∏∏‡∏Å‡∏Ñ‡∏ô‡πÄ‡∏•‡∏¢‡∏Ñ‡πà‡∏∞ üòÑ‚ú® ‡∏ó‡∏µ‡πà‡∏à‡∏≠‡∏î‡∏£‡∏ñ‡∏Å‡∏ß‡πâ‡∏≤‡∏á‡∏Ç‡∏ß‡∏≤‡∏á ‡∏™‡∏∞‡∏î‡∏ß‡∏Å‡∏™‡∏ö‡∏≤‡∏¢‡∏°‡∏≤‡∏Å‡πÜ ‡πÅ‡∏ô‡∏∞‡∏ô‡∏≥‡∏ó‡∏µ‡πà‡∏ô‡∏µ‡πà‡∏Ñ‡πà‡∏∞
124,2,2,1.0,"(Translated by Google) 3 days delivery, item doesn't move. try to send 3 days in advance to arrive in time because customers hurry to use Asked if I arrived in time, told me in time. ‚Ä¶"," 3 days delivery, item doesn't move. try to send 3 days in advance to arrive in time because customers hurry to use Asked if I arrived in time, told me in time. ‚Ä¶"," 3 days delivery, item doesn't move. try to send 3 days in advance to arrive in time because customers hurry to use Asked if I arrived in time, told me in time. ‚Ä¶"
125,3,3,5.0,(Translated by Google) Deliver and receive parcels quickly and easily. Easy to park. ‚Ä¶, Deliver and receive parcels quickly and easily. Easy to park. ‚Ä¶, Deliver and receive parcels quickly and easily. Easy to park. ‚Ä¶
126,4,4,4.0,(Translated by Google) It's good  (Original) ‡∏Å‡πá‡∏î‡∏µ‡∏ä‡∏≠‡∏¢, It's good  (Original, It's good  
127,5,5,2.0,(Translated by Google) Good service staff  (Original) ‡∏û‡∏ô‡∏±‡∏Å‡∏á‡∏≤‡∏ô‡∏ö‡∏£‡∏¥‡∏Å‡∏≤‡∏£‡∏î‡∏µ‡∏Ñ‡∏£‡∏±‡∏ö, Good service staff  (Original, Good service staff  
128,6,7,5.0,"(Translated by Google) New branch, the price is very cheap. There is a wide car garage, lovely staff, come back to use the service again, near the house too. ‚Ä¶"," New branch, the price is very cheap. There is a wide car garage, lovely staff, come back to use the service again, near the house too. ‚Ä¶"," New branch, the price is very cheap. There is a wide car garage, lovely staff, come back to use the service again, near the house too. ‚Ä¶"
129,7,9,4.0,Good,,Good
130,8,10,5.0,"(Translated by Google) Close to the house, the staff came to pick up the items to the house very well. ‚Ä¶"," Close to the house, the staff came to pick up the items to the house very well. ‚Ä¶"," Close to the house, the staff came to pick up the items to the house very well. ‚Ä¶"
131,9,12,5.0,(Translated by Google) I like this branch the most The service is very impressive. Employees come out to help lift things to help with any problems. Employees always take care of them. Shipping cost is very cheap I'm not going anywhere üëç ‚Ä¶, I like this branch the most The service is very impressive. Employees come out to help lift things to help with any problems. Employees always take care of them. Shipping cost is very cheap I'm not going anywhere üëç ‚Ä¶, I like this branch the most The service is very impressive. Employees come out to help lift things to help with any problems. Employees always take care of them. Shipping cost is very cheap I'm not going anywhere üëç ‚Ä¶
132,10,14,5.0,(Translated by Google) Rocking from another transport to come to this branch Because of my Google review Another sound guarantee about the services of this branch ‚Ä¶, Rocking from another transport to come to this branch Because of my Google review Another sound guarantee about the services of this branch ‚Ä¶, Rocking from another transport to come to this branch Because of my Google review Another sound guarantee about the services of this branch ‚Ä¶
133,11,16,4.0,(Translated by Google) Very good service  (Original) ‡∏ö‡∏£‡∏¥‡∏Å‡∏≤‡∏£‡∏î‡∏µ‡∏°‡∏≤‡∏Å‡∏Ñ‡πà‡∏∞, Very good service  (Original, Very good service  
134,12,17,5.0,"(Translated by Google) Send items to customers, online merchants version. Another afternoon, the customer received the package. Is very good ‚Ä¶"," Send items to customers, online merchants version. Another afternoon, the customer received the package. Is very good ‚Ä¶"," Send items to customers, online merchants version. Another afternoon, the customer received the package. Is very good ‚Ä¶"
135,13,19,5.0,"(Translated by Google) Call today to ask the product And how to deliver things by letting the car get in I will say that the employee who answers the phone is very good, explains the job well, has never met anyone so good and explains the ‚Ä¶"," Call today to ask the product And how to deliver things by letting the car get in I will say that the employee who answers the phone is very good, explains the job well, has never met anyone so good and explains the ‚Ä¶"," Call today to ask the product And how to deliver things by letting the car get in I will say that the employee who answers the phone is very good, explains the job well, has never met anyone so good and explains the ‚Ä¶"
136,14,20,5.0,(Translated by Google) The younger staff is very polite and recommends very well. ‚Ä¶, The younger staff is very polite and recommends very well. ‚Ä¶, The younger staff is very polite and recommends very well. ‚Ä¶
137,15,22,5.0,(Translated by Google) Employees of this branch care about customers. Nong Fah is good service. ‚Ä¶, Employees of this branch care about customers. Nong Fah is good service. ‚Ä¶, Employees of this branch care about customers. Nong Fah is good service. ‚Ä¶
138,16,23,5.0,"(Translated by Google) Best express Nuanchan Branch Good service is number one Take care of customers very well, deliver things on time, absolutely friendly price too üòçüëçüëèüëèüëè ‚Ä¶"," Best express Nuanchan Branch Good service is number one Take care of customers very well, deliver things on time, absolutely friendly price too üòçüëçüëèüëèüëè ‚Ä¶"," Best express Nuanchan Branch Good service is number one Take care of customers very well, deliver things on time, absolutely friendly price too üòçüëçüëèüëèüëè ‚Ä¶"
139,17,24,5.0,"(Translated by Google) Go send the goods today Lovely staff, very good service. Talk well, very friendly, the delivery fee is also very cheap. Blessed mm mm mm mm mm ‚Ä¶"," Go send the goods today Lovely staff, very good service. Talk well, very friendly, the delivery fee is also very cheap. Blessed mm mm mm mm mm ‚Ä¶"," Go send the goods today Lovely staff, very good service. Talk well, very friendly, the delivery fee is also very cheap. Blessed mm mm mm mm mm ‚Ä¶"
140,18,25,5.0,(Translated by Google) This branch service is very good.  (Original) ‡∏™‡∏≤‡∏Ç‡∏≤‡∏ô‡∏µ‡πâ‡∏ö‡∏£‡∏¥‡∏Å‡∏≤‡∏£‡∏î‡∏µ‡∏°‡∏≤‡∏Å‡∏Ñ‡πà‡∏∞, This branch service is very good.  (Original, This branch service is very good.  
141,19,27,5.0,"(Translated by Google) I usually ship with orange couriers, but I am not very impressed. But a few days before I saw this place open a new branch. It is close to home, so try to send it 4-5 times. Never had a point. The work desk is very ‚Ä¶"," I usually ship with orange couriers, but I am not very impressed. But a few days before I saw this place open a new branch. It is close to home, so try to send it 4-5 times. Never had a point. The work desk is very ‚Ä¶"," I usually ship with orange couriers, but I am not very impressed. But a few days before I saw this place open a new branch. It is close to home, so try to send it 4-5 times. Never had a point. The work desk is very ‚Ä¶"
142,20,28,5.0,"(Translated by Google) The children at the shop are very cute. Run to help lift things together as well. The shop is very clean. The smell is not long. More importantly, the price is cheap with a review based on the pictures. ‚Ä¶"," The children at the shop are very cute. Run to help lift things together as well. The shop is very clean. The smell is not long. More importantly, the price is cheap with a review based on the pictures. ‚Ä¶"," The children at the shop are very cute. Run to help lift things together as well. The shop is very clean. The smell is not long. More importantly, the price is cheap with a review based on the pictures. ‚Ä¶"
143,21,29,5.0,"(Translated by Google) The parking lot of the store clean. Flattering flap Service is very fast, I like it. ‚Ä¶"," The parking lot of the store clean. Flattering flap Service is very fast, I like it. ‚Ä¶"," The parking lot of the store clean. Flattering flap Service is very fast, I like it. ‚Ä¶"
144,22,30,5.0,(Translated by Google) Very good service staff Impressive parking lot  (Original) ‚Ä¶, Very good service staff Impressive parking lot  (Original, Very good service staff Impressive parking lot  
145,23,31,5.0,"(Translated by Google) In the past, the best transport was still unknown. But there is this branch open near the house, so try to send it in conclusion that the delivery cost is much cheaper than I thought Good service staff, lovely, the ‚Ä¶"," In the past, the best transport was still unknown. But there is this branch open near the house, so try to send it in conclusion that the delivery cost is much cheaper than I thought Good service staff, lovely, the ‚Ä¶"," In the past, the best transport was still unknown. But there is this branch open near the house, so try to send it in conclusion that the delivery cost is much cheaper than I thought Good service staff, lovely, the ‚Ä¶"
146,24,32,5.0,"(Translated by Google) Normal online sales There is no time to come out and ask for the shop to have a pickup service as well, very impressed. There are no cracks or damage problems at all. Very good service ‚Ä¶"," Normal online sales There is no time to come out and ask for the shop to have a pickup service as well, very impressed. There are no cracks or damage problems at all. Very good service ‚Ä¶"," Normal online sales There is no time to come out and ask for the shop to have a pickup service as well, very impressed. There are no cracks or damage problems at all. Very good service ‚Ä¶"
147,25,33,5.0,"(Translated by Google) Send regular stuff Send to many branches But found this place as clean as possible Very good service The service fee is not expensive. And a lot of parking spaces I didn't park on the road like other places, very ‚Ä¶"," Send regular stuff Send to many branches But found this place as clean as possible Very good service The service fee is not expensive. And a lot of parking spaces I didn't park on the road like other places, very ‚Ä¶"," Send regular stuff Send to many branches But found this place as clean as possible Very good service The service fee is not expensive. And a lot of parking spaces I didn't park on the road like other places, very ‚Ä¶"
148,26,34,5.0,"(Translated by Google) Excellent customer service Attention to detail Fragile parcel It has been taken care of very well, it is recommended. ‚Ä¶"," Excellent customer service Attention to detail Fragile parcel It has been taken care of very well, it is recommended. ‚Ä¶"," Excellent customer service Attention to detail Fragile parcel It has been taken care of very well, it is recommended. ‚Ä¶"
149,27,35,5.0,"(Translated by Google) The clean shop is a beautiful delivery shop. Lovely staff, fast, convenient parking. Become a regular customer ‚ô• Ô∏è ‚Ä¶"," The clean shop is a beautiful delivery shop. Lovely staff, fast, convenient parking. Become a regular customer ‚ô• Ô∏è ‚Ä¶"," The clean shop is a beautiful delivery shop. Lovely staff, fast, convenient parking. Become a regular customer ‚ô• Ô∏è ‚Ä¶"
150,28,36,5.0,(Translated by Google) Very good service excellent service  (Original) ‚Ä¶, Very good service excellent service  (Original, Very good service excellent service  
151,29,39,5.0,"(Translated by Google) The shop is clean, the younger staff speaks well. The shop is very fragrant. ‚Ä¶"," The shop is clean, the younger staff speaks well. The shop is very fragrant. ‚Ä¶"," The shop is clean, the younger staff speaks well. The shop is very fragrant. ‚Ä¶"
152,30,40,5.0,"(Translated by Google) The service staff is very good, helping carry and help pack the products. There is a complete pack. Parking is very convenient, comfortable, convenient, recommended. ‚Ä¶"," The service staff is very good, helping carry and help pack the products. There is a complete pack. Parking is very convenient, comfortable, convenient, recommended. ‚Ä¶"," The service staff is very good, helping carry and help pack the products. There is a complete pack. Parking is very convenient, comfortable, convenient, recommended. ‚Ä¶"
153,31,41,5.0,"(Translated by Google) Young female staff, very good service. Come help carry things to the door. Plus convenient parking Can park many cars as well. Recommended. ‚Ä¶"," Young female staff, very good service. Come help carry things to the door. Plus convenient parking Can park many cars as well. Recommended. ‚Ä¶"," Young female staff, very good service. Come help carry things to the door. Plus convenient parking Can park many cars as well. Recommended. ‚Ä¶"
